Section,Dish,Ingredient/SKU,Qty,UOM,Sale,Cost,Loss,"Bom ID","Line ID"
g_instead_of_kg,"90b Soup (Family)","PRD-00746 BLACK MUSHROOM",20,g,,,,181,5782
g_instead_of_kg,"90b Soup (Family)","PRD-00748 BLACK PEPPER",3,g,,,,181,5787
g_instead_of_kg,"90b Soup (Family)","PRD-00751 BONE LESS CHICKEN",150,g,,,,181,5776
g_instead_of_kg,"90b Soup (Family)","PRD-00772 CARROT(GAJER)",50,g,,,,181,5780
g_instead_of_kg,"90b Soup (Family)","PRD-00799 Corn Floor",70,g,,,,181,5779
g_instead_of_kg,"90b Soup (Family)","PRD-00833 FISH(MACHLI)",80,g,,,,181,5777
g_instead_of_kg,"90b Soup (Family)","PRD-00848 Green onion",30,g,,,,181,5781
g_instead_of_kg,"90b Soup (Family)","PRD-00875 Knorr chicken powder (1kg)",18,g,,,,181,5786
g_instead_of_kg,"90b Soup (Family)","PRD-00928 OYSTER SAUCE(4.2 kg)",20,g,,,,181,5791
g_instead_of_kg,"90b Soup (Family)","PRD-00947 PRAWNS",150,g,,,,181,5789
g_instead_of_kg,"90b Soup (Family)","PRD-00958 Red Chilli(1kg)",10,g,,,,181,5784
g_instead_of_kg,"90b Soup (Family)","PRD-00962 SALT 800G",10,g,,,,181,5785
g_instead_of_kg,"90b Soup (Family)","PRD-00990 Sugar",10,g,,,,181,5788
g_instead_of_kg,"90b Soup (Single)","PRD-00748 BLACK PEPPER",3,g,,,,190,5859
g_instead_of_kg,"90b Soup (Single)","PRD-00751 BONE LESS CHICKEN",50,g,,,,190,5850
g_instead_of_kg,"90b Soup (Single)","PRD-00772 CARROT(GAJER)",15,g,,,,190,5852
g_instead_of_kg,"90b Soup (Single)","PRD-00799 Corn Floor",20,g,,,,190,5855
g_instead_of_kg,"90b Soup (Single)","PRD-00833 FISH(MACHLI)",25,g,,,,190,5851
g_instead_of_kg,"90b Soup (Single)","PRD-00848 Green onion",8,g,,,,190,5853
g_instead_of_kg,"90b Soup (Single)","PRD-00875 Knorr chicken powder (1kg)",7,g,,,,190,5858
g_instead_of_kg,"90b Soup (Single)","PRD-00928 OYSTER SAUCE(4.2 kg)",5,g,,,,190,5862
g_instead_of_kg,"90b Soup (Single)","PRD-00958 Red Chilli(1kg)",5,g,,,,190,5856
g_instead_of_kg,"90b Soup (Single)","PRD-00962 SALT 800G",3,g,,,,190,5857
g_instead_of_kg,"90b Soup (Single)","PRD-00990 Sugar",3,g,,,,190,5860
g_instead_of_kg,"Afghani Boti (8Pcs)","PRD-00748 BLACK PEPPER",5,g,,,,164,3607
g_instead_of_kg,"Afghani Boti (8Pcs)","PRD-00798 CORIENDER (SABZ DHANYA)",8,g,,,,164,3604
g_instead_of_kg,"Afghani Boti (8Pcs)","PRD-00864 KAJU",10,g,,,,164,3603
g_instead_of_kg,"Afghani Boti (8Pcs)","PRD-00875 Knorr chicken powder (1kg)",10,g,,,,164,3610
g_instead_of_kg,"Afghani Boti (8Pcs)","PRD-00838 Leason",5,g,,,,164,3606
g_instead_of_kg,"Afghani Boti (8Pcs)","PRD-00907 MILK PACK CREAM",40,g,,,,164,3605
g_instead_of_kg,"Afghani Boti (8Pcs)","PRD-00962 SALT 800G",6,g,,,,164,3609
g_instead_of_kg,"Afghani Boti (8Pcs)","PRD-00961 Safaid zeerah",4,g,,,,164,3608
g_instead_of_kg,"Afghani Boti (8Pcs)","PRD-01002 THAI PIECE CHICKEN",650,g,,,,164,3602
g_instead_of_kg,"Afghani Boti - Pizza (F)","PRD-00747 Black Olive (3kg)",15,g,,,,276,6562
g_instead_of_kg,"Afghani Boti - Pizza (F)","PRD-00825 Eka_300 Powder(500g)",3,g,,,,276,6561
g_instead_of_kg,"Afghani Boti - Pizza (F)","PRD-00827 Everyday Powder(1kg)",15,g,,,,276,6555
g_instead_of_kg,"Afghani Boti - Pizza (F)","PRD-00845 Graed Cheese 30/70 (2KG)",400,g,,,,276,6563
g_instead_of_kg,"Afghani Boti - Pizza (F)","PRD-00907 MILK PACK CREAM",300,g,,,,276,7298
g_instead_of_kg,"Afghani Boti - Pizza (F)","PRD-00895 Maida",380,g,,,,276,6553
g_instead_of_kg,"Afghani Boti - Pizza (F)","PRD-00925 Piyaz",40,g,,,,276,6559
g_instead_of_kg,"Afghani Boti - Pizza (F)","PRD-00954 Real mayo 4KG",25,g,,,,276,6560
g_instead_of_kg,"Afghani Boti - Pizza (F)","PRD-00962 SALT 800G",6,g,,,,276,6557
g_instead_of_kg,"Afghani Boti - Pizza (F)","PRD-00990 Sugar",10,g,,,,276,6558
g_instead_of_kg,"Afghani Boti - Pizza (F)","PRD-01002 THAI PIECE CHICKEN",350,g,,,,276,6551
g_instead_of_kg,"Afghani Boti - Pizza (F)","PRD-01036 Yeast(500g)",7,g,,,,276,6554
g_instead_of_kg,"Afghani Boti - Pizza (L)","PRD-00748 BLACK PEPPER",5,g,,,,250,6455
g_instead_of_kg,"Afghani Boti - Pizza (L)","PRD-00747 Black Olive (3kg)",200,g,,,,250,7297
g_instead_of_kg,"Afghani Boti - Pizza (L)","PRD-00825 Eka_300 Powder(500g)",2,g,,,,250,6461
g_instead_of_kg,"Afghani Boti - Pizza (L)","PRD-00827 Everyday Powder(1kg)",12,g,,,,250,6451
g_instead_of_kg,"Afghani Boti - Pizza (L)","PRD-00845 Graed Cheese 30/70 (2KG)",340,g,,,,250,6460
g_instead_of_kg,"Afghani Boti - Pizza (L)","PRD-00838 Leason",10,g,,,,250,6456
g_instead_of_kg,"Afghani Boti - Pizza (L)","PRD-00907 MILK PACK CREAM",25,g,,,,250,6457
g_instead_of_kg,"Afghani Boti - Pizza (L)","PRD-00895 Maida",320,g,,,,250,6449
g_instead_of_kg,"Afghani Boti - Pizza (L)","PRD-00925 Piyaz",50,g,,,,250,6458
g_instead_of_kg,"Afghani Boti - Pizza (L)","PRD-00954 Real mayo 4KG",25,g,,,,250,6447
g_instead_of_kg,"Afghani Boti - Pizza (L)","PRD-00962 SALT 800G",5,g,,,,250,6453
g_instead_of_kg,"Afghani Boti - Pizza (L)","PRD-00990 Sugar",8,g,,,,250,6454
g_instead_of_kg,"Afghani Boti - Pizza (L)","PRD-01002 THAI PIECE CHICKEN",320,g,,,,250,6446
g_instead_of_kg,"Afghani Boti - Pizza (L)","PRD-01010 TOMATO",40,g,,,,250,6459
g_instead_of_kg,"Afghani Boti - Pizza (L)","PRD-01036 Yeast(500g)",6,g,,,,250,6450
g_instead_of_kg,"Afghani Boti - Pizza (M)","PRD-00725 ALMOND",5,g,,,,304,6771
g_instead_of_kg,"Afghani Boti - Pizza (M)","PRD-00747 Black Olive (3kg)",5,g,,,,304,6777
g_instead_of_kg,"Afghani Boti - Pizza (M)","PRD-00825 Eka_300 Powder(500g)",1,g,,,,304,6775
g_instead_of_kg,"Afghani Boti - Pizza (M)","PRD-00827 Everyday Powder(1kg)",8,g,,,,304,6765
g_instead_of_kg,"Afghani Boti - Pizza (M)","PRD-00845 Graed Cheese 30/70 (2KG)",240,g,,,,304,6776
g_instead_of_kg,"Afghani Boti - Pizza (M)","PRD-00864 KAJU",5,g,,,,304,6772
g_instead_of_kg,"Afghani Boti - Pizza (M)","PRD-00907 MILK PACK CREAM",20,g,,,,304,6773
g_instead_of_kg,"Afghani Boti - Pizza (M)","PRD-00895 Maida",220,g,,,,304,6770
g_instead_of_kg,"Afghani Boti - Pizza (M)","PRD-00925 Piyaz",20,g,,,,304,6774
g_instead_of_kg,"Afghani Boti - Pizza (M)","PRD-00962 SALT 800G",4,g,,,,304,6767
g_instead_of_kg,"Afghani Boti - Pizza (M)","PRD-00990 Sugar",6,g,,,,304,6768
g_instead_of_kg,"Afghani Boti - Pizza (M)","PRD-01002 THAI PIECE CHICKEN",200,g,,,,304,6763
g_instead_of_kg,"Afghani Boti - Pizza (M)","PRD-01036 Yeast(500g)",4,g,,,,304,6769
g_instead_of_kg,"Afghani Pulao","PRD-00772 CARROT(GAJER)",80,g,,,,220,4194
g_instead_of_kg,"Afghani Pulao","PRD-00822 Dried coriander(khushk dhanya)",5,g,,,,220,4202
g_instead_of_kg,"Afghani Pulao","PRD-00837 GARAM MASALAH",3,g,,,,220,4200
g_instead_of_kg,"Afghani Pulao","PRD-00864 KAJU",15,g,,,,220,4195
g_instead_of_kg,"Afghani Pulao","PRD-00873 Kishmish",10,g,,,,220,4196
g_instead_of_kg,"Afghani Pulao","PRD-00875 Knorr chicken powder (1kg)",10,g,,,,220,4199
g_instead_of_kg,"Afghani Pulao","PRD-00918 MUTTON",250,g,,,,220,7299
g_instead_of_kg,"Afghani Pulao","PRD-00925 Piyaz",20,g,,,,220,4203
g_instead_of_kg,"Afghani Pulao","PRD-00962 SALT 800G",5,g,,,,220,4197
g_instead_of_kg,"Afghani Pulao","PRD-00961 Safaid zeerah",3,g,,,,220,4201
g_instead_of_kg,"Afghani Pulao","PRD-00968 Sela Rice",300,g,,,,220,4193
g_instead_of_kg,"American Club Sandwich","PRD-00748 BLACK PEPPER",2,g,,,,203,5994
g_instead_of_kg,"American Club Sandwich","PRD-00751 BONE LESS CHICKEN",180,g,,,,203,5984
g_instead_of_kg,"American Club Sandwich","PRD-00803 CUCUMBER(KHEERA)",20,g,,,,203,5986
g_instead_of_kg,"American Club Sandwich","PRD-00762 Cabbage(band ghobi)",20,g,,,,203,5987
g_instead_of_kg,"American Club Sandwich","PRD-00720 Fries 2.5kg",80,g,,,,203,5989
g_instead_of_kg,"American Club Sandwich","PRD-00857 Iceberg(salad patta)",15,g,,,,203,5988
g_instead_of_kg,"American Club Sandwich","PRD-00858 Icing Sugar",5,g,,,,203,5995
g_instead_of_kg,"American Club Sandwich","PRD-00877 KNORR KETCHUP 4KG",10,g,,,,203,5991
g_instead_of_kg,"American Club Sandwich","PRD-00954 Real mayo 4KG",30,g,,,,203,5990
g_instead_of_kg,"American Club Sandwich","PRD-00962 SALT 800G",2,g,,,,203,5993
g_instead_of_kg,"American Club Sandwich","PRD-01010 TOMATO",10,g,,,,203,5985
g_instead_of_kg,"Arabic Grill Wrap","PRD-00720 Fries 2.5kg",80,g,,,,78,5297
g_instead_of_kg,"Arabic Grill Wrap","PRD-00857 Iceberg(salad patta)",15,g,,,,78,5287
g_instead_of_kg,"Arabic Grill Wrap","PRD-00838 Leason",5,g,,,,78,5289
g_instead_of_kg,"Arabic Grill Wrap","PRD-00907 MILK PACK CREAM",10,g,,,,78,5290
g_instead_of_kg,"Arabic Grill Wrap","PRD-00954 Real mayo 4KG",25,g,,,,78,5298
g_instead_of_kg,"Arabic Grill Wrap","PRD-00962 SALT 800G",3,g,,,,78,5293
g_instead_of_kg,"Arabic Grill Wrap","PRD-00768 SHIMLA MIRCH",30,g,,,,78,5296
g_instead_of_kg,"Arabic Grill Wrap","PRD-00980 Sriracha sauce",2,g,,,,78,5299
g_instead_of_kg,"Arabic Grill Wrap","PRD-01002 THAI PIECE CHICKEN",90,g,,,,78,5288
g_instead_of_kg,"Arabic Grill Wrap","PRD-01010 TOMATO",30,g,,,,78,5295
g_instead_of_kg,"Arabic Grill Wrap","PRD-01028 White pepper",2,g,,,,78,5292
g_instead_of_kg,"Avocado & Cucumber","PRD-00739 BASPATI RICE",160,g,,,,104,5390
g_instead_of_kg,"Avocado & Cucumber","PRD-00803 CUCUMBER(KHEERA)",40,g,,,,104,5392
g_instead_of_kg,"Avocado & Cucumber","PRD-00987 SUFAID TIL",5,g,,,,104,5393
g_instead_of_kg,"Avocado & Cucumber","PRD-00990 Sugar",10,g,,,,104,5391
g_instead_of_kg,"Baba Ganoush","PRD-00882 LEMON (LEMU)",10,g,,,,284,4928
g_instead_of_kg,"Baba Ganoush","PRD-00838 Leason",3,g,,,,284,4929
g_instead_of_kg,"Baba Ganoush","PRD-00962 SALT 800G",2,g,,,,284,4927
g_instead_of_kg,"Bar B Q Family Platter (3–4 Persons)","PRD-00842 Adrak",5,g,,,,323,7007
g_instead_of_kg,"Bar B Q Family Platter (3–4 Persons)","PRD-00748 BLACK PEPPER",8,g,,,,323,6990
g_instead_of_kg,"Bar B Q Family Platter (3–4 Persons)","PRD-00798 CORIENDER (SABZ DHANYA)",20,g,,,,323,7004
g_instead_of_kg,"Bar B Q Family Platter (3–4 Persons)","PRD-00802 Crushed chilli(dara mirch)",10,g,,,,323,6995
g_instead_of_kg,"Bar B Q Family Platter (3–4 Persons)","PRD-00823 DRUM STICK CHICKEN",500,g,,,,323,7300
g_instead_of_kg,"Bar B Q Family Platter (3–4 Persons)","PRD-00822 Dried coriander(khushk dhanya)",30,g,,,,323,6996
g_instead_of_kg,"Bar B Q Family Platter (3–4 Persons)","PRD-00835 Food colour",1,g,,,,323,7008
g_instead_of_kg,"Bar B Q Family Platter (3–4 Persons)","PRD-00837 GARAM MASALAH",10,g,,,,323,6992
g_instead_of_kg,"Bar B Q Family Platter (3–4 Persons)","PRD-00846 GREEN CHILLI (SABZ MIRCH)",30,g,,,,323,7005
g_instead_of_kg,"Bar B Q Family Platter (3–4 Persons)","PRD-00875 Knorr chicken powder (1kg)",30,g,,,,323,6994
g_instead_of_kg,"Bar B Q Family Platter (3–4 Persons)","PRD-00838 Leason",15,g,,,,323,7006
g_instead_of_kg,"Bar B Q Family Platter (3–4 Persons)","PRD-00907 MILK PACK CREAM",100,g,,,,323,6988
g_instead_of_kg,"Bar B Q Family Platter (3–4 Persons)","PRD-00918 MUTTON",1000,g,,,,323,6987
g_instead_of_kg,"Bar B Q Family Platter (3–4 Persons)","PRD-00919 Mutton(Charbi)",70,g,,,,323,6999
g_instead_of_kg,"Bar B Q Family Platter (3–4 Persons)","PRD-00925 Piyaz",100,g,,,,323,7002
g_instead_of_kg,"Bar B Q Family Platter (3–4 Persons)","PRD-00958 Red Chilli(1kg)",5,g,,,,323,7001
g_instead_of_kg,"Bar B Q Family Platter (3–4 Persons)","PRD-00962 SALT 800G",18,g,,,,323,6993
g_instead_of_kg,"Bar B Q Family Platter (3–4 Persons)","PRD-00961 Safaid zeerah",20,g,,,,323,6997
g_instead_of_kg,"Bar B Q Family Platter (3–4 Persons)","PRD-00968 Sela Rice",500,g,,,,323,6991
g_instead_of_kg,"Bar B Q Family Platter (3–4 Persons)","PRD-01002 THAI PIECE CHICKEN",2000,g,,,,323,6986
g_instead_of_kg,"Bar B Q Family Platter (3–4 Persons)","PRD-01010 TOMATO",30,g,,,,323,7003
g_instead_of_kg,"Bar B Q Family Platter (3–4 Persons)","PRD-01028 White pepper",10,g,,,,323,6989
g_instead_of_kg,"Bar B Q Family Platter (3–4 Persons)","PRD-01041 Yogurt",30,g,,,,323,7000
g_instead_of_kg,"Bar B Q Signature Platter (5–7 Persons)","PRD-00723 AJWAIN",10,g,,,,324,7023
g_instead_of_kg,"Bar B Q Signature Platter (5–7 Persons)","PRD-00842 Adrak",70,g,,,,324,7018
g_instead_of_kg,"Bar B Q Signature Platter (5–7 Persons)","PRD-00748 BLACK PEPPER",8,g,,,,324,7035
g_instead_of_kg,"Bar B Q Signature Platter (5–7 Persons)","PRD-00798 CORIENDER (SABZ DHANYA)",30,g,,,,324,7027
g_instead_of_kg,"Bar B Q Signature Platter (5–7 Persons)","PRD-00803 CUCUMBER(KHEERA)",20,g,,,,324,7030
g_instead_of_kg,"Bar B Q Signature Platter (5–7 Persons)","PRD-00822 Dried coriander(khushk dhanya)",30,g,,,,324,7029
g_instead_of_kg,"Bar B Q Signature Platter (5–7 Persons)","PRD-00833 FISH(MACHLI)",500,g,,,,324,7011
g_instead_of_kg,"Bar B Q Signature Platter (5–7 Persons)","PRD-00835 Food colour",1,g,,,,324,7031
g_instead_of_kg,"Bar B Q Signature Platter (5–7 Persons)","PRD-00837 GARAM MASALAH",30,g,,,,324,7020
g_instead_of_kg,"Bar B Q Signature Platter (5–7 Persons)","PRD-00846 GREEN CHILLI (SABZ MIRCH)",40,g,,,,324,7026
g_instead_of_kg,"Bar B Q Signature Platter (5–7 Persons)","PRD-00867 KASORI METHI 200G",5,g,,,,324,7034
g_instead_of_kg,"Bar B Q Signature Platter (5–7 Persons)","PRD-00875 Knorr chicken powder (1kg)",50,g,,,,324,7028
g_instead_of_kg,"Bar B Q Signature Platter (5–7 Persons)","PRD-00838 Leason",70,g,,,,324,7017
g_instead_of_kg,"Bar B Q Signature Platter (5–7 Persons)","PRD-00907 MILK PACK CREAM",50,g,,,,324,7036
g_instead_of_kg,"Bar B Q Signature Platter (5–7 Persons)","PRD-00918 MUTTON",2000,g,,,,324,7010
g_instead_of_kg,"Bar B Q Signature Platter (5–7 Persons)","PRD-00915 Mozzarella cheese",70,g,,,,324,7032
g_instead_of_kg,"Bar B Q Signature Platter (5–7 Persons)","PRD-00919 Mutton(Charbi)",100,g,,,,324,7016
g_instead_of_kg,"Bar B Q Signature Platter (5–7 Persons)","PRD-00925 Piyaz",100,g,,,,324,7024
g_instead_of_kg,"Bar B Q Signature Platter (5–7 Persons)","PRD-00958 Red Chilli(1kg)",10,g,,,,324,7019
g_instead_of_kg,"Bar B Q Signature Platter (5–7 Persons)","PRD-00962 SALT 800G",25,g,,,,324,7014
g_instead_of_kg,"Bar B Q Signature Platter (5–7 Persons)","PRD-00961 Safaid zeerah",60,g,,,,324,7021
g_instead_of_kg,"Bar B Q Signature Platter (5–7 Persons)","PRD-01002 THAI PIECE CHICKEN",2000,g,,,,324,7012
g_instead_of_kg,"Bar B Q Signature Platter (5–7 Persons)","PRD-01010 TOMATO",50,g,,,,324,7025
g_instead_of_kg,"Bar B Q Signature Platter (5–7 Persons)","PRD-01028 White pepper",15,g,,,,324,7033
g_instead_of_kg,"Bar BQ Spicy Fries","PRD-00782 CHILLI GARLIC(4KG)",20,g,,,,209,4088
g_instead_of_kg,"Bar BQ Spicy Fries","PRD-00802 Crushed chilli(dara mirch)",5,g,,,,209,4091
g_instead_of_kg,"Bar BQ Spicy Fries","PRD-00720 Fries 2.5kg",360,g,,,,209,4087
g_instead_of_kg,"Bar BQ Spicy Fries","PRD-00926 Oregano(500g)",2,g,,,,209,4089
g_instead_of_kg,"Bar BQ Spicy Fries","PRD-00962 SALT 800G",1,g,,,,209,4090
g_instead_of_kg,"Bar BQ Spicy Fries","PRD-01002 THAI PIECE CHICKEN",200,g,,,,209,7302
g_instead_of_kg,"Beef Behari Boti (8Pcs)","PRD-00748 BLACK PEPPER",5,g,,,,162,3589
g_instead_of_kg,"Beef Behari Boti (8Pcs)","PRD-00748 BLACK PEPPER",5,g,,,,163,3601
g_instead_of_kg,"Beef Behari Boti (8Pcs)","PRD-00741 Beef",600,g,,,,162,3578
g_instead_of_kg,"Beef Behari Boti (8Pcs)","PRD-00741 Beef",600,g,,,,163,3590
g_instead_of_kg,"Beef Behari Boti (8Pcs)","PRD-00802 Crushed chilli(dara mirch)",5,g,,,,162,3585
g_instead_of_kg,"Beef Behari Boti (8Pcs)","PRD-00802 Crushed chilli(dara mirch)",5,g,,,,163,3597
g_instead_of_kg,"Beef Behari Boti (8Pcs)","PRD-00822 Dried coriander(khushk dhanya)",10,g,,,,162,3582
g_instead_of_kg,"Beef Behari Boti (8Pcs)","PRD-00822 Dried coriander(khushk dhanya)",10,g,,,,163,3594
g_instead_of_kg,"Beef Behari Boti (8Pcs)","PRD-00861 JALWATRI",2,g,,,,162,3586
g_instead_of_kg,"Beef Behari Boti (8Pcs)","PRD-00861 JALWATRI",2,g,,,,163,3598
g_instead_of_kg,"Beef Behari Boti (8Pcs)","PRD-00875 Knorr chicken powder (1kg)",10,g,,,,162,3588
g_instead_of_kg,"Beef Behari Boti (8Pcs)","PRD-00875 Knorr chicken powder (1kg)",10,g,,,,163,3600
g_instead_of_kg,"Beef Behari Boti (8Pcs)","PRD-00882 LEMON (LEMU)",20,g,,,,162,3580
g_instead_of_kg,"Beef Behari Boti (8Pcs)","PRD-00882 LEMON (LEMU)",20,g,,,,163,3592
g_instead_of_kg,"Beef Behari Boti (8Pcs)","PRD-00838 Leason",20,g,,,,162,3581
g_instead_of_kg,"Beef Behari Boti (8Pcs)","PRD-00838 Leason",20,g,,,,163,3593
g_instead_of_kg,"Beef Behari Boti (8Pcs)","PRD-00925 Piyaz",30,g,,,,162,3579
g_instead_of_kg,"Beef Behari Boti (8Pcs)","PRD-00925 Piyaz",30,g,,,,163,3591
g_instead_of_kg,"Beef Behari Boti (8Pcs)","PRD-00958 Red Chilli(1kg)",5,g,,,,162,3584
g_instead_of_kg,"Beef Behari Boti (8Pcs)","PRD-00958 Red Chilli(1kg)",5,g,,,,163,3596
g_instead_of_kg,"Beef Behari Boti (8Pcs)","PRD-00962 SALT 800G",10,g,,,,162,3587
g_instead_of_kg,"Beef Behari Boti (8Pcs)","PRD-00962 SALT 800G",10,g,,,,163,3599
g_instead_of_kg,"Beef Behari Boti (8Pcs)","PRD-00961 Safaid zeerah",10,g,,,,162,3583
g_instead_of_kg,"Beef Behari Boti (8Pcs)","PRD-00961 Safaid zeerah",10,g,,,,163,3595
g_instead_of_kg,"Beef Bliss Burger","PRD-00748 BLACK PEPPER",2,g,,,,197,5954
g_instead_of_kg,"Beef Bliss Burger","PRD-00741 Beef",120,g,,,,197,5943
g_instead_of_kg,"Beef Bliss Burger","PRD-00759 Butter",5,g,,,,197,5955
g_instead_of_kg,"Beef Bliss Burger","PRD-00772 CARROT(GAJER)",10,g,,,,197,5945
g_instead_of_kg,"Beef Bliss Burger","PRD-00762 Cabbage(band ghobi)",20,g,,,,197,5944
g_instead_of_kg,"Beef Bliss Burger","PRD-00720 Fries 2.5kg",80,g,,,,197,5942
g_instead_of_kg,"Beef Bliss Burger","PRD-00839 Garlic Powder(1kg)",2,g,,,,197,5951
g_instead_of_kg,"Beef Bliss Burger","PRD-00849 HONEY(1kg)",10,g,,,,197,5957
g_instead_of_kg,"Beef Bliss Burger","PRD-00857 Iceberg(salad patta)",15,g,,,,197,5949
g_instead_of_kg,"Beef Bliss Burger","PRD-00858 Icing Sugar",5,g,,,,197,5956
g_instead_of_kg,"Beef Bliss Burger","PRD-00877 KNORR KETCHUP 4KG",10,g,,,,197,5946
g_instead_of_kg,"Beef Bliss Burger","PRD-00934 PEA( MATER)",15,g,,,,197,5950
g_instead_of_kg,"Beef Bliss Burger","PRD-00925 Piyaz",15,g,,,,197,5952
g_instead_of_kg,"Beef Bliss Burger","PRD-00954 Real mayo 4KG",30,g,,,,197,5947
g_instead_of_kg,"Beef Bliss Burger","PRD-00962 SALT 800G",2,g,,,,197,5953
g_instead_of_kg,"Beef Bliss Burger","PRD-01010 TOMATO",10,g,,,,197,5948
g_instead_of_kg,"Beef Chilli Dry (Family)","PRD-00842 Adrak",50,g,,,,319,5767
g_instead_of_kg,"Beef Chilli Dry (Family)","PRD-00740 BEAF STEAK",500,g,,,,319,5764
g_instead_of_kg,"Beef Chilli Dry (Family)","PRD-00832 FISH SAUCE(500ml)",15,g,,,,319,5771
g_instead_of_kg,"Beef Chilli Dry (Family)","PRD-00846 GREEN CHILLI (SABZ MIRCH)",80,g,,,,319,5768
g_instead_of_kg,"Beef Chilli Dry (Family)","PRD-00875 Knorr chicken powder (1kg)",18,g,,,,319,5772
g_instead_of_kg,"Beef Chilli Dry (Family)","PRD-00838 Leason",15,g,,,,319,5766
g_instead_of_kg,"Beef Chilli Dry (Family)","PRD-00928 OYSTER SAUCE(4.2 kg)",60,g,,,,319,5770
g_instead_of_kg,"Beef Chilli Dry (Family)","PRD-00987 SUFAID TIL",10,g,,,,319,5774
g_instead_of_kg,"Beef Chilli Dry (Family)","PRD-00990 Sugar",10,g,,,,319,5773
g_instead_of_kg,"Beef Chilli Dry (Single)","PRD-00842 Adrak",5,g,,,,126,3170
g_instead_of_kg,"Beef Chilli Dry (Single)","PRD-00740 BEAF STEAK",250,g,,,,126,3167
g_instead_of_kg,"Beef Chilli Dry (Single)","PRD-00772 CARROT(GAJER)",50,g,,,,126,7304
g_instead_of_kg,"Beef Chilli Dry (Single)","PRD-00762 Cabbage(band ghobi)",50,g,,,,126,7305
g_instead_of_kg,"Beef Chilli Dry (Single)","PRD-00832 FISH SAUCE(500ml)",3,g,,,,126,3172
g_instead_of_kg,"Beef Chilli Dry (Single)","PRD-00846 GREEN CHILLI (SABZ MIRCH)",5,g,,,,126,3171
g_instead_of_kg,"Beef Chilli Dry (Single)","PRD-00875 Knorr chicken powder (1kg)",20,g,,,,126,3173
g_instead_of_kg,"Beef Chilli Dry (Single)","PRD-00838 Leason",5,g,,,,126,3169
g_instead_of_kg,"Beef Chilli Dry (Single)","PRD-00987 SUFAID TIL",3,g,,,,126,3175
g_instead_of_kg,"Beef Chilli Dry (Single)","PRD-00968 Sela Rice",200,g,,,,126,7303
g_instead_of_kg,"Beef Chilli Dry (Single)","PRD-00990 Sugar",4,g,,,,126,3174
g_instead_of_kg,"Beef Kebab (4Pcs)","PRD-00842 Adrak",6,g,,,,151,3451
g_instead_of_kg,"Beef Kebab (4Pcs)","PRD-00748 BLACK PEPPER",3,g,,,,151,3459
g_instead_of_kg,"Beef Kebab (4Pcs)","PRD-00798 CORIENDER (SABZ DHANYA)",10,g,,,,151,3453
g_instead_of_kg,"Beef Kebab (4Pcs)","PRD-00822 Dried coriander(khushk dhanya)",4,g,,,,151,3457
g_instead_of_kg,"Beef Kebab (4Pcs)","PRD-00846 GREEN CHILLI (SABZ MIRCH)",8,g,,,,151,3452
g_instead_of_kg,"Beef Kebab (4Pcs)","PRD-00861 JALWATRI",3,g,,,,151,3460
g_instead_of_kg,"Beef Kebab (4Pcs)","PRD-00838 Leason",6,g,,,,151,3450
g_instead_of_kg,"Beef Kebab (4Pcs)","PRD-00918 MUTTON",300,g,,,,151,3448
g_instead_of_kg,"Beef Kebab (4Pcs)","PRD-00919 Mutton(Charbi)",50,g,,,,151,3454
g_instead_of_kg,"Beef Kebab (4Pcs)","PRD-00925 Piyaz",50,g,,,,151,3449
g_instead_of_kg,"Beef Kebab (4Pcs)","PRD-00958 Red Chilli(1kg)",5,g,,,,151,3456
g_instead_of_kg,"Beef Kebab (4Pcs)","PRD-00962 SALT 800G",8,g,,,,151,3455
g_instead_of_kg,"Beef Kebab (4Pcs)","PRD-00961 Safaid zeerah",3,g,,,,151,3458
g_instead_of_kg,"Beef Kebab (4Pcs)","PRD-00993 Swaga powder",3,g,,,,151,3461
g_instead_of_kg,"Beef Mongolian (Family)","PRD-00740 BEAF STEAK",500,g,,,,318,5751
g_instead_of_kg,"Beef Mongolian (Family)","PRD-00799 Corn Floor",25,g,,,,318,5763
g_instead_of_kg,"Beef Mongolian (Family)","PRD-00836 FRESH BEANS",70,g,,,,318,5760
g_instead_of_kg,"Beef Mongolian (Family)","PRD-00877 KNORR KETCHUP 4KG",250,g,,,,318,5757
g_instead_of_kg,"Beef Mongolian (Family)","PRD-00875 Knorr chicken powder (1kg)",18,g,,,,318,5761
g_instead_of_kg,"Beef Mongolian (Family)","PRD-00838 Leason",15,g,,,,318,5753
g_instead_of_kg,"Beef Mongolian (Family)","PRD-00928 OYSTER SAUCE(4.2 kg)",15,g,,,,318,5756
g_instead_of_kg,"Beef Mongolian (Family)","PRD-00925 Piyaz",140,g,,,,318,5759
g_instead_of_kg,"Beef Mongolian (Family)","PRD-00958 Red Chilli(1kg)",20,g,,,,318,5754
g_instead_of_kg,"Beef Mongolian (Family)","PRD-00768 SHIMLA MIRCH",140,g,,,,318,5758
g_instead_of_kg,"Beef Mongolian (Family)","PRD-00990 Sugar",15,g,,,,318,5762
g_instead_of_kg,"Beef Mongolian (Single)","PRD-00740 BEAF STEAK",250,g,,,,123,3137
g_instead_of_kg,"Beef Mongolian (Single)","PRD-00772 CARROT(GAJER)",50,g,,,,123,7309
g_instead_of_kg,"Beef Mongolian (Single)","PRD-00762 Cabbage(band ghobi)",50,g,,,,123,7310
g_instead_of_kg,"Beef Mongolian (Single)","PRD-00836 FRESH BEANS",20,g,,,,123,3143
g_instead_of_kg,"Beef Mongolian (Single)","PRD-00877 KNORR KETCHUP 4KG",30,g,,,,123,3141
g_instead_of_kg,"Beef Mongolian (Single)","PRD-00875 Knorr chicken powder (1kg)",6,g,,,,123,3144
g_instead_of_kg,"Beef Mongolian (Single)","PRD-00838 Leason",5,g,,,,123,3139
g_instead_of_kg,"Beef Mongolian (Single)","PRD-00925 Piyaz",40,g,,,,123,3142
g_instead_of_kg,"Beef Mongolian (Single)","PRD-00958 Red Chilli(1kg)",3,g,,,,123,3140
g_instead_of_kg,"Beef Mongolian (Single)","PRD-00968 Sela Rice",250,g,,,,123,7308
g_instead_of_kg,"Beef Mongolian (Single)","PRD-00990 Sugar",8,g,,,,123,3145
g_instead_of_kg,"Beef Pepperoni - Pizza (F)","PRD-00895 Maida",380,g,,,,139,3341
g_instead_of_kg,"Beef Pepperoni - Pizza (F)","PRD-00962 SALT 800G",7,g,,,,139,3345
g_instead_of_kg,"Beef Pepperoni - Pizza (F)","PRD-00990 Sugar",10,g,,,,139,3343
g_instead_of_kg,"Beef Pepperoni - Pizza (F)","PRD-01036 Yeast(500g)",7,g,,,,139,3342
g_instead_of_kg,"Beef Pepperoni - Pizza (L)","PRD-00825 Eka_300 Powder(500g)",2,g,,,,233,6209
g_instead_of_kg,"Beef Pepperoni - Pizza (L)","PRD-00827 Everyday Powder(1kg)",8,g,,,,233,6205
g_instead_of_kg,"Beef Pepperoni - Pizza (L)","PRD-00895 Maida",320,g,,,,233,6207
g_instead_of_kg,"Beef Pepperoni - Pizza (L)","PRD-00915 Mozzarella cheese",250,g,,,,233,6208
g_instead_of_kg,"Beef Pepperoni - Pizza (L)","PRD-00962 SALT 800G",5,g,,,,233,6202
g_instead_of_kg,"Beef Pepperoni - Pizza (L)","PRD-00990 Sugar",10,g,,,,233,6206
g_instead_of_kg,"Beef Pepperoni - Pizza (L)","PRD-01036 Yeast(500g)",6,g,,,,233,6204
g_instead_of_kg,"Beef Pepperoni - Pizza (M)","PRD-00825 Eka_300 Powder(500g)",1,g,,,,305,6801
g_instead_of_kg,"Beef Pepperoni - Pizza (M)","PRD-00827 Everyday Powder(1kg)",4,g,,,,305,6799
g_instead_of_kg,"Beef Pepperoni - Pizza (M)","PRD-00895 Maida",220,g,,,,305,6794
g_instead_of_kg,"Beef Pepperoni - Pizza (M)","PRD-00915 Mozzarella cheese",240,g,,,,305,6800
g_instead_of_kg,"Beef Pepperoni - Pizza (M)","PRD-00962 SALT 800G",4,g,,,,305,6797
g_instead_of_kg,"Beef Pepperoni - Pizza (M)","PRD-00990 Sugar",6,g,,,,305,6798
g_instead_of_kg,"Beef Pepperoni - Pizza (M)","PRD-01036 Yeast(500g)",4,g,,,,305,6796
g_instead_of_kg,"Beef Smash Burger","PRD-00748 BLACK PEPPER",2,g,,,,196,5934
g_instead_of_kg,"Beef Smash Burger","PRD-00741 Beef",200,g,,,,196,5927
g_instead_of_kg,"Beef Smash Burger","PRD-00759 Butter",20,g,,,,196,5939
g_instead_of_kg,"Beef Smash Burger","PRD-00772 CARROT(GAJER)",10,g,,,,196,5930
g_instead_of_kg,"Beef Smash Burger","PRD-00762 Cabbage(band ghobi)",20,g,,,,196,5928
g_instead_of_kg,"Beef Smash Burger","PRD-00720 Fries 2.5kg",80,g,,,,196,5937
g_instead_of_kg,"Beef Smash Burger","PRD-00857 Iceberg(salad patta)",15,g,,,,196,5933
g_instead_of_kg,"Beef Smash Burger","PRD-00858 Icing Sugar",5,g,,,,196,5940
g_instead_of_kg,"Beef Smash Burger","PRD-00877 KNORR KETCHUP 4KG",10,g,,,,196,5931
g_instead_of_kg,"Beef Smash Burger","PRD-00919 Mutton(Charbi)",20,g,,,,196,5938
g_instead_of_kg,"Beef Smash Burger","PRD-00925 Piyaz",20,g,,,,196,5936
g_instead_of_kg,"Beef Smash Burger","PRD-00954 Real mayo 4KG",25,g,,,,196,5932
g_instead_of_kg,"Beef Smash Burger","PRD-00962 SALT 800G",2,g,,,,196,5935
g_instead_of_kg,"Beef Smash Burger","PRD-01010 TOMATO",25,g,,,,196,5929
g_instead_of_kg,"Black Paper Steak (Beaf)","PRD-00748 BLACK PEPPER",20,g,,,,216,4170
g_instead_of_kg,"Black Paper Steak (Beaf)","PRD-00741 Beef",350,g,,,,216,4165
g_instead_of_kg,"Black Paper Steak (Beaf)","PRD-00759 Butter",15,g,,,,216,4168
g_instead_of_kg,"Black Paper Steak (Beaf)","PRD-00876 Knorr Demi Glace(1kg)",20,g,,,,216,4166
g_instead_of_kg,"Black Paper Steak (Beaf)","PRD-00875 Knorr chicken powder (1kg)",8,g,,,,216,4167
g_instead_of_kg,"Black Paper Steak (Beaf)","PRD-00838 Leason",10,g,,,,216,4169
g_instead_of_kg,"Black Paper Steak (Chicken)","PRD-00945 Alu",200,g,,,,217,7311
g_instead_of_kg,"Black Paper Steak (Chicken)","PRD-00748 BLACK PEPPER",20,g,,,,217,4176
g_instead_of_kg,"Black Paper Steak (Chicken)","PRD-00751 BONE LESS CHICKEN",350,g,,,,217,4171
g_instead_of_kg,"Black Paper Steak (Chicken)","PRD-00753 BROCCOLI (SABZ GHOBHI)",200,g,,,,217,7313
g_instead_of_kg,"Black Paper Steak (Chicken)","PRD-00759 Butter",15,g,,,,217,4174
g_instead_of_kg,"Black Paper Steak (Chicken)","PRD-00772 CARROT(GAJER)",200,g,,,,217,7312
g_instead_of_kg,"Black Paper Steak (Chicken)","PRD-00836 FRESH BEANS",200,g,,,,217,7315
g_instead_of_kg,"Black Paper Steak (Chicken)","PRD-00720 Fries 2.5kg",250,g,,,,217,7316
g_instead_of_kg,"Black Paper Steak (Chicken)","PRD-00876 Knorr Demi Glace(1kg)",20,g,,,,217,4172
g_instead_of_kg,"Black Paper Steak (Chicken)","PRD-00875 Knorr chicken powder (1kg)",8,g,,,,217,4173
g_instead_of_kg,"Black Paper Steak (Chicken)","PRD-00838 Leason",10,g,,,,217,4175
g_instead_of_kg,"Black Paper Steak (Chicken)","PRD-00925 Piyaz",200,g,,,,217,7317
g_instead_of_kg,"Black Paper Steak (Chicken)","PRD-01042 ZAKUNI",200,g,,,,217,7314
g_instead_of_kg,"Bone Fire - Pizza (F)","PRD-00746 BLACK MUSHROOM",30,g,,,,275,6548
g_instead_of_kg,"Bone Fire - Pizza (F)","PRD-00747 Black Olive (3kg)",50,g,,,,275,6550
g_instead_of_kg,"Bone Fire - Pizza (F)","PRD-00825 Eka_300 Powder(500g)",3,g,,,,275,6546
g_instead_of_kg,"Bone Fire - Pizza (F)","PRD-00827 Everyday Powder(1kg)",15,g,,,,275,6539
g_instead_of_kg,"Bone Fire - Pizza (F)","PRD-00845 Graed Cheese 30/70 (2KG)",400,g,,,,275,6547
g_instead_of_kg,"Bone Fire - Pizza (F)","PRD-00860 Jalapeno",25,g,,,,275,6549
g_instead_of_kg,"Bone Fire - Pizza (F)","PRD-00895 Maida",380,g,,,,275,6538
g_instead_of_kg,"Bone Fire - Pizza (F)","PRD-00925 Piyaz",50,g,,,,275,6545
g_instead_of_kg,"Bone Fire - Pizza (F)","PRD-00962 SALT 800G",6,g,,,,275,6542
g_instead_of_kg,"Bone Fire - Pizza (F)","PRD-00768 SHIMLA MIRCH",50,g,,,,275,6544
g_instead_of_kg,"Bone Fire - Pizza (F)","PRD-00990 Sugar",10,g,,,,275,6543
g_instead_of_kg,"Bone Fire - Pizza (F)","PRD-01002 THAI PIECE CHICKEN",350,g,,,,275,6536
g_instead_of_kg,"Bone Fire - Pizza (F)","PRD-01036 Yeast(500g)",7,g,,,,275,6541
g_instead_of_kg,"Bone Fire - Pizza (L)","PRD-00827 Everyday Powder(1kg)",12,g,,,,248,6422
g_instead_of_kg,"Bone Fire - Pizza (L)","PRD-00845 Graed Cheese 30/70 (2KG)",400,g,,,,248,7319
g_instead_of_kg,"Bone Fire - Pizza (L)","PRD-00860 Jalapeno",50,g,,,,248,6429
g_instead_of_kg,"Bone Fire - Pizza (L)","PRD-00907 MILK PACK CREAM",10,g,,,,248,6418
g_instead_of_kg,"Bone Fire - Pizza (L)","PRD-00895 Maida",320,g,,,,248,6420
g_instead_of_kg,"Bone Fire - Pizza (L)","PRD-00925 Piyaz",45,g,,,,248,6423
g_instead_of_kg,"Bone Fire - Pizza (L)","PRD-00954 Real mayo 4KG",25,g,,,,248,6421
g_instead_of_kg,"Bone Fire - Pizza (L)","PRD-00962 SALT 800G",10,g,,,,248,6427
g_instead_of_kg,"Bone Fire - Pizza (L)","PRD-00768 SHIMLA MIRCH",45,g,,,,248,6424
g_instead_of_kg,"Bone Fire - Pizza (L)","PRD-00990 Sugar",10,g,,,,248,6428
g_instead_of_kg,"Bone Fire - Pizza (L)","PRD-01002 THAI PIECE CHICKEN",320,g,,,,248,6416
g_instead_of_kg,"Bone Fire - Pizza (L)","PRD-01028 White pepper",5,g,,,,248,6417
g_instead_of_kg,"Bone Fire - Pizza (L)","PRD-01036 Yeast(500g)",10,g,,,,248,6426
g_instead_of_kg,"Bone Fire - Pizza (M)","PRD-00779 Chicken Tikka Masala(1kg)",10,g,,,,303,6762
g_instead_of_kg,"Bone Fire - Pizza (M)","PRD-00825 Eka_300 Powder(500g)",1,g,,,,303,6760
g_instead_of_kg,"Bone Fire - Pizza (M)","PRD-00827 Everyday Powder(1kg)",8,g,,,,303,6748
g_instead_of_kg,"Bone Fire - Pizza (M)","PRD-00845 Graed Cheese 30/70 (2KG)",240,g,,,,303,6759
g_instead_of_kg,"Bone Fire - Pizza (M)","PRD-00860 Jalapeno",15,g,,,,303,6761
g_instead_of_kg,"Bone Fire - Pizza (M)","PRD-00838 Leason",5,g,,,,303,6755
g_instead_of_kg,"Bone Fire - Pizza (M)","PRD-00907 MILK PACK CREAM",10,g,,,,303,6754
g_instead_of_kg,"Bone Fire - Pizza (M)","PRD-00895 Maida",220,g,,,,303,6751
g_instead_of_kg,"Bone Fire - Pizza (M)","PRD-00925 Piyaz",30,g,,,,303,6758
g_instead_of_kg,"Bone Fire - Pizza (M)","PRD-00954 Real mayo 4KG",20,g,,,,303,6753
g_instead_of_kg,"Bone Fire - Pizza (M)","PRD-00962 SALT 800G",4,g,,,,303,6749
g_instead_of_kg,"Bone Fire - Pizza (M)","PRD-00768 SHIMLA MIRCH",30,g,,,,303,6757
g_instead_of_kg,"Bone Fire - Pizza (M)","PRD-00990 Sugar",6,g,,,,303,6756
g_instead_of_kg,"Bone Fire - Pizza (M)","PRD-01002 THAI PIECE CHICKEN",200,g,,,,303,6746
g_instead_of_kg,"Bone Fire - Pizza (M)","PRD-01036 Yeast(500g)",4,g,,,,303,6752
g_instead_of_kg,"Boneless Chicken Strips (6Pcs)","PRD-00748 BLACK PEPPER",1,g,,,,87,5205
g_instead_of_kg,"Boneless Chicken Strips (6Pcs)","PRD-00751 BONE LESS CHICKEN",300,g,,,,87,5195
g_instead_of_kg,"Boneless Chicken Strips (6Pcs)","PRD-00749 Black salt",2,g,,,,87,5201
g_instead_of_kg,"Boneless Chicken Strips (6Pcs)","PRD-00720 Fries 2.5kg",130,g,,,,87,5203
g_instead_of_kg,"Boneless Chicken Strips (6Pcs)","PRD-00877 KNORR KETCHUP 4KG",5,g,,,,87,5206
g_instead_of_kg,"Boneless Chicken Strips (6Pcs)","PRD-00875 Knorr chicken powder (1kg)",4,g,,,,87,5200
g_instead_of_kg,"Boneless Chicken Strips (6Pcs)","PRD-00838 Leason",3,g,,,,87,5199
g_instead_of_kg,"Boneless Chicken Strips (6Pcs)","PRD-00895 Maida",80,g,,,,87,5197
g_instead_of_kg,"Boneless Chicken Strips (6Pcs)","PRD-00954 Real mayo 4KG",30,g,,,,87,5204
g_instead_of_kg,"Boneless Chicken Strips (6Pcs)","PRD-00958 Red Chilli(1kg)",5,g,,,,87,5198
g_instead_of_kg,"Brownies (Special Nutella)","PRD-00759 Butter",50,g,,,,354,7476
g_instead_of_kg,"Brownies (Special Nutella)","PRD-00784 CHOCOLATE CHIP(1KG)",40,g,,,,354,7481
g_instead_of_kg,"Brownies (Special Nutella)","PRD-00786 Chocolate slab(1kg)",100,g,,,,354,7475
g_instead_of_kg,"Brownies (Special Nutella)","PRD-00858 Icing Sugar",83,g,,,,354,7473
g_instead_of_kg,"Brownies (Special Nutella)","PRD-00864 KAJU",25,g,,,,354,7479
g_instead_of_kg,"Brownies (Special Nutella)","PRD-00907 MILK PACK CREAM",66,g,,,,354,7480
g_instead_of_kg,"Brownies (Special Nutella)","PRD-00895 Maida",83,g,,,,354,7474
g_instead_of_kg,"Brownies (Special Nutella)","PRD-00791 coco powder",13,g,,,,354,7478
g_instead_of_kg,"Caesar Salad","PRD-00748 BLACK PEPPER",2,g,,,,285,6645
g_instead_of_kg,"Caesar Salad","PRD-00751 BONE LESS CHICKEN",200,g,,,,285,6641
g_instead_of_kg,"Caesar Salad","PRD-00747 Black Olive (3kg)",8,g,,,,285,6648
g_instead_of_kg,"Caesar Salad","PRD-00803 CUCUMBER(KHEERA)",40,g,,,,285,6640
g_instead_of_kg,"Caesar Salad","PRD-00857 Iceberg(salad patta)",500,g,,,,285,6639
g_instead_of_kg,"Caesar Salad","PRD-00882 LEMON (LEMU)",4,g,,,,285,6647
g_instead_of_kg,"Caesar Salad","PRD-00838 Leason",2,g,,,,285,6643
g_instead_of_kg,"Caesar Salad","PRD-00954 Real mayo 4KG",30,g,,,,285,6642
g_instead_of_kg,"Caesar Salad","PRD-00962 SALT 800G",1,g,,,,285,6644
g_instead_of_kg,"Caesar Salad","PRD-00992 SUN DRY TOMATO",100,g,,,,285,7373
g_instead_of_kg,"Caesar Salad","PRD-01028 White pepper",2,g,,,,285,6646
g_instead_of_kg,"Cafe Latte (Large)","PRD-00796 coffee beans (1kg)",40,g,,,,346,7438
g_instead_of_kg,"Cappuccino (Large)","PRD-00796 coffee beans (1kg)",40,g,,,,347,7440
g_instead_of_kg,"Cheese Crust - Pizza (F)","PRD-00827 Everyday Powder(1kg)",100,g,,,,142,7376
g_instead_of_kg,"Cheese Crust - Pizza (F)","PRD-00845 Graed Cheese 30/70 (2KG)",400,g,,,,142,7374
g_instead_of_kg,"Cheese Crust - Pizza (F)","PRD-00895 Maida",380,g,,,,142,3367
g_instead_of_kg,"Cheese Crust - Pizza (F)","PRD-00925 Piyaz",40,g,,,,142,3373
g_instead_of_kg,"Cheese Crust - Pizza (F)","PRD-00962 SALT 800G",6,g,,,,142,3369
g_instead_of_kg,"Cheese Crust - Pizza (F)","PRD-00768 SHIMLA MIRCH",40,g,,,,142,3372
g_instead_of_kg,"Cheese Crust - Pizza (F)","PRD-00990 Sugar",10,g,,,,142,3370
g_instead_of_kg,"Cheese Crust - Pizza (F)","PRD-01011 TOMATO PASTE",50,g,,,,142,7377
g_instead_of_kg,"Cheese Crust - Pizza (F)","PRD-01036 Yeast(500g)",7,g,,,,142,3368
g_instead_of_kg,"Cheese Crust - Pizza (L)","PRD-00746 BLACK MUSHROOM",10,g,,,,236,6249
g_instead_of_kg,"Cheese Crust - Pizza (L)","PRD-00751 BONE LESS CHICKEN",220,g,,,,236,6246
g_instead_of_kg,"Cheese Crust - Pizza (L)","PRD-00747 Black Olive (3kg)",10,g,,,,236,6255
g_instead_of_kg,"Cheese Crust - Pizza (L)","PRD-00825 Eka_300 Powder(500g)",2,g,,,,236,6253
g_instead_of_kg,"Cheese Crust - Pizza (L)","PRD-00827 Everyday Powder(1kg)",50,g,,,,236,6242
g_instead_of_kg,"Cheese Crust - Pizza (L)","PRD-00845 Graed Cheese 30/70 (2KG)",350,g,,,,236,6254
g_instead_of_kg,"Cheese Crust - Pizza (L)","PRD-00907 MILK PACK CREAM",10,g,,,,236,6251
g_instead_of_kg,"Cheese Crust - Pizza (L)","PRD-00895 Maida",320,g,,,,236,6240
g_instead_of_kg,"Cheese Crust - Pizza (L)","PRD-00925 Piyaz",40,g,,,,236,6248
g_instead_of_kg,"Cheese Crust - Pizza (L)","PRD-00954 Real mayo 4KG",25,g,,,,236,6250
g_instead_of_kg,"Cheese Crust - Pizza (L)","PRD-00962 SALT 800G",5,g,,,,236,6244
g_instead_of_kg,"Cheese Crust - Pizza (L)","PRD-00768 SHIMLA MIRCH",40,g,,,,236,6247
g_instead_of_kg,"Cheese Crust - Pizza (L)","PRD-00990 Sugar",10,g,,,,236,6245
g_instead_of_kg,"Cheese Crust - Pizza (L)","PRD-01028 White pepper",5,g,,,,236,6252
g_instead_of_kg,"Cheese Crust - Pizza (L)","PRD-01036 Yeast(500g)",6,g,,,,236,6243
g_instead_of_kg,"Cheese Crust - Pizza (M)","PRD-00746 BLACK MUSHROOM",20,g,,,,238,6303
g_instead_of_kg,"Cheese Crust - Pizza (M)","PRD-00747 Black Olive (3kg)",20,g,,,,238,6306
g_instead_of_kg,"Cheese Crust - Pizza (M)","PRD-00825 Eka_300 Powder(500g)",2,g,,,,238,6305
g_instead_of_kg,"Cheese Crust - Pizza (M)","PRD-00827 Everyday Powder(1kg)",50,g,,,,238,6295
g_instead_of_kg,"Cheese Crust - Pizza (M)","PRD-00845 Graed Cheese 30/70 (2KG)",250,g,,,,238,6304
g_instead_of_kg,"Cheese Crust - Pizza (M)","PRD-00907 MILK PACK CREAM",10,g,,,,238,6296
g_instead_of_kg,"Cheese Crust - Pizza (M)","PRD-00895 Maida",220,g,,,,238,6290
g_instead_of_kg,"Cheese Crust - Pizza (M)","PRD-00925 Piyaz",25,g,,,,238,6293
g_instead_of_kg,"Cheese Crust - Pizza (M)","PRD-00954 Real mayo 4KG",25,g,,,,238,6294
g_instead_of_kg,"Cheese Crust - Pizza (M)","PRD-00962 SALT 800G",3,g,,,,238,6300
g_instead_of_kg,"Cheese Crust - Pizza (M)","PRD-00768 SHIMLA MIRCH",25,g,,,,238,6292
g_instead_of_kg,"Cheese Crust - Pizza (M)","PRD-00990 Sugar",6,g,,,,238,6301
g_instead_of_kg,"Cheese Crust - Pizza (M)","PRD-01028 White pepper",5,g,,,,238,6299
g_instead_of_kg,"Cheese Crust - Pizza (M)","PRD-01036 Yeast(500g)",4,g,,,,238,6297
g_instead_of_kg,"Cheese Donor Wrap","PRD-00748 BLACK PEPPER",5,g,,,,83,5280
g_instead_of_kg,"Cheese Donor Wrap","PRD-00720 Fries 2.5kg",150,g,,,,83,5283
g_instead_of_kg,"Cheese Donor Wrap","PRD-00845 Graed Cheese 30/70 (2KG)",10,g,,,,83,5284
g_instead_of_kg,"Cheese Donor Wrap","PRD-00857 Iceberg(salad patta)",30,g,,,,83,5275
g_instead_of_kg,"Cheese Donor Wrap","PRD-00877 KNORR KETCHUP 4KG",10,g,,,,83,5285
g_instead_of_kg,"Cheese Donor Wrap","PRD-00954 Real mayo 4KG",25,g,,,,83,5279
g_instead_of_kg,"Cheese Donor Wrap","PRD-00962 SALT 800G",5,g,,,,83,5281
g_instead_of_kg,"Cheese Donor Wrap","PRD-00768 SHIMLA MIRCH",20,g,,,,83,5278
g_instead_of_kg,"Cheese Donor Wrap","PRD-01002 THAI PIECE CHICKEN",150,g,,,,83,5274
g_instead_of_kg,"Cheese Donor Wrap","PRD-01010 TOMATO",30,g,,,,83,5277
g_instead_of_kg,"Cheese Love - Pizza (F)","PRD-00825 Eka_300 Powder(500g)",3,g,,,,273,6625
g_instead_of_kg,"Cheese Love - Pizza (F)","PRD-00827 Everyday Powder(1kg)",100,g,,,,273,6619
g_instead_of_kg,"Cheese Love - Pizza (F)","PRD-00845 Graed Cheese 30/70 (2KG)",500,g,,,,273,6624
g_instead_of_kg,"Cheese Love - Pizza (F)","PRD-00895 Maida",380,g,,,,273,6617
g_instead_of_kg,"Cheese Love - Pizza (F)","PRD-00962 SALT 800G",6,g,,,,273,6621
g_instead_of_kg,"Cheese Love - Pizza (F)","PRD-00990 Sugar",10,g,,,,273,6622
g_instead_of_kg,"Cheese Love - Pizza (F)","PRD-01036 Yeast(500g)",15,g,,,,273,6620
g_instead_of_kg,"Cheese Love - Pizza (L)","PRD-00825 Eka_300 Powder(500g)",2,g,,,,254,6503
g_instead_of_kg,"Cheese Love - Pizza (L)","PRD-00827 Everyday Powder(1kg)",100,g,,,,254,6497
g_instead_of_kg,"Cheese Love - Pizza (L)","PRD-00845 Graed Cheese 30/70 (2KG)",400,g,,,,254,6502
g_instead_of_kg,"Cheese Love - Pizza (L)","PRD-00895 Maida",320,g,,,,254,6495
g_instead_of_kg,"Cheese Love - Pizza (L)","PRD-00962 SALT 800G",5,g,,,,254,6499
g_instead_of_kg,"Cheese Love - Pizza (L)","PRD-00990 Sugar",8,g,,,,254,6500
g_instead_of_kg,"Cheese Love - Pizza (L)","PRD-01036 Yeast(500g)",6,g,,,,254,6498
g_instead_of_kg,"Cheese Love - Pizza (M)","PRD-00827 Everyday Powder(1kg)",100,g,,,,308,5160
g_instead_of_kg,"Cheese Love - Pizza (M)","PRD-00845 Graed Cheese 30/70 (2KG)",150,g,,,,308,7378
g_instead_of_kg,"Cheese Love - Pizza (M)","PRD-00895 Maida",220,g,,,,308,5159
g_instead_of_kg,"Cheese Love - Pizza (M)","PRD-00926 Oregano(500g)",2,g,,,,308,5165
g_instead_of_kg,"Cheese Love - Pizza (M)","PRD-00962 SALT 800G",4,g,,,,308,5162
g_instead_of_kg,"Cheese Love - Pizza (M)","PRD-00990 Sugar",6,g,,,,308,5163
g_instead_of_kg,"Cheese Love - Pizza (M)","PRD-01036 Yeast(500g)",4,g,,,,308,5164
g_instead_of_kg,"Cheese Naan","PRD-00827 Everyday Powder(1kg)",15,g,,,,67,6908
g_instead_of_kg,"Cheese Naan","PRD-00830 FINE 20KG",80,g,,,,67,6902
g_instead_of_kg,"Cheese Naan","PRD-00845 Graed Cheese 30/70 (2KG)",200,g,,,,67,7379
g_instead_of_kg,"Cheese Naan","PRD-00962 SALT 800G",1,g,,,,67,6905
g_instead_of_kg,"Cheese Naan","PRD-00990 Sugar",1.5,g,,,,67,6904
g_instead_of_kg,"Cheese Naan","PRD-01036 Yeast(500g)",1.5,g,,,,67,6903
g_instead_of_kg,"Cheese Naan","PRD-01041 Yogurt",10,g,,,,67,6906
g_instead_of_kg,"Chef Special Chowmein","PRD-00748 BLACK PEPPER",4,g,,,,229,6142
g_instead_of_kg,"Chef Special Chowmein","PRD-00751 BONE LESS CHICKEN",150,g,,,,229,6133
g_instead_of_kg,"Chef Special Chowmein","PRD-00772 CARROT(GAJER)",70,g,,,,229,6129
g_instead_of_kg,"Chef Special Chowmein","PRD-00762 Cabbage(band ghobi)",80,g,,,,229,6131
g_instead_of_kg,"Chef Special Chowmein","PRD-00833 FISH(MACHLI)",120,g,,,,229,6137
g_instead_of_kg,"Chef Special Chowmein","PRD-00848 Green onion",50,g,,,,229,6130
g_instead_of_kg,"Chef Special Chowmein","PRD-00864 KAJU",50,g,,,,229,6138
g_instead_of_kg,"Chef Special Chowmein","PRD-00877 KNORR KETCHUP 4KG",50,g,,,,229,6141
g_instead_of_kg,"Chef Special Chowmein","PRD-00875 Knorr chicken powder (1kg)",18,g,,,,229,6140
g_instead_of_kg,"Chef Special Chowmein","PRD-00895 Maida",100,g,,,,229,6128
g_instead_of_kg,"Chef Special Chowmein","PRD-00928 OYSTER SAUCE(4.2 kg)",70,g,,,,229,6144
g_instead_of_kg,"Chef Special Chowmein","PRD-00947 PRAWNS",100,g,,,,229,6143
g_instead_of_kg,"Chef Special Chowmein","PRD-00958 Red Chilli(1kg)",20,g,,,,229,6134
g_instead_of_kg,"Chef Special Chowmein","PRD-00962 SALT 800G",4,g,,,,229,6139
g_instead_of_kg,"Chef Special Chowmein","PRD-00768 SHIMLA MIRCH",50,g,,,,229,6132
g_instead_of_kg,"Chef Special Chowmein","PRD-00990 Sugar",10,g,,,,229,6135
g_instead_of_kg,"Chef Special Soup (Family)","PRD-00746 BLACK MUSHROOM",15,g,,,,183,5840
g_instead_of_kg,"Chef Special Soup (Family)","PRD-00748 BLACK PEPPER",5,g,,,,183,5844
g_instead_of_kg,"Chef Special Soup (Family)","PRD-00751 BONE LESS CHICKEN",200,g,,,,183,5832
g_instead_of_kg,"Chef Special Soup (Family)","PRD-00772 CARROT(GAJER)",50,g,,,,183,5836
g_instead_of_kg,"Chef Special Soup (Family)","PRD-00762 Cabbage(band ghobi)",40,g,,,,183,5837
g_instead_of_kg,"Chef Special Soup (Family)","PRD-00799 Corn Floor",70,g,,,,183,5835
g_instead_of_kg,"Chef Special Soup (Family)","PRD-00833 FISH(MACHLI)",100,g,,,,183,5833
g_instead_of_kg,"Chef Special Soup (Family)","PRD-00848 Green onion",20,g,,,,183,5838
g_instead_of_kg,"Chef Special Soup (Family)","PRD-00877 KNORR KETCHUP 4KG",80,g,,,,183,5839
g_instead_of_kg,"Chef Special Soup (Family)","PRD-00875 Knorr chicken powder (1kg)",18,g,,,,183,5843
g_instead_of_kg,"Chef Special Soup (Family)","PRD-00928 OYSTER SAUCE(4.2 kg)",10,g,,,,183,5849
g_instead_of_kg,"Chef Special Soup (Family)","PRD-00947 PRAWNS",100,g,,,,183,5847
g_instead_of_kg,"Chef Special Soup (Family)","PRD-00962 SALT 800G",5,g,,,,183,5842
g_instead_of_kg,"Chef Special Soup (Family)","PRD-00980 Sriracha sauce",10,g,,,,183,5848
g_instead_of_kg,"Chef Special Soup (Family)","PRD-00990 Sugar",5,g,,,,183,5845
g_instead_of_kg,"Chef Special Soup (Single)","PRD-00746 BLACK MUSHROOM",3,g,,,,189,3882
g_instead_of_kg,"Chef Special Soup (Single)","PRD-00748 BLACK PEPPER",2,g,,,,189,3886
g_instead_of_kg,"Chef Special Soup (Single)","PRD-00751 BONE LESS CHICKEN",50,g,,,,189,3875
g_instead_of_kg,"Chef Special Soup (Single)","PRD-00772 CARROT(GAJER)",15,g,,,,189,3878
g_instead_of_kg,"Chef Special Soup (Single)","PRD-00762 Cabbage(band ghobi)",20,g,,,,189,3880
g_instead_of_kg,"Chef Special Soup (Single)","PRD-00799 Corn Floor",20,g,,,,189,3879
g_instead_of_kg,"Chef Special Soup (Single)","PRD-00833 FISH(MACHLI)",25,g,,,,189,3876
g_instead_of_kg,"Chef Special Soup (Single)","PRD-00848 Green onion",5,g,,,,189,3881
g_instead_of_kg,"Chef Special Soup (Single)","PRD-00877 KNORR KETCHUP 4KG",20,g,,,,189,3884
g_instead_of_kg,"Chef Special Soup (Single)","PRD-00875 Knorr chicken powder (1kg)",7,g,,,,189,3887
g_instead_of_kg,"Chef Special Soup (Single)","PRD-00962 SALT 800G",3,g,,,,189,3885
g_instead_of_kg,"Chef Special Soup (Single)","PRD-00990 Sugar",2,g,,,,189,3889
g_instead_of_kg,"Chicken Achari Boti (8Pcs)","PRD-00802 Crushed chilli(dara mirch)",5,g,,,,160,3558
g_instead_of_kg,"Chicken Achari Boti (8Pcs)","PRD-00846 GREEN CHILLI (SABZ MIRCH)",10,g,,,,160,3565
g_instead_of_kg,"Chicken Achari Boti (8Pcs)","PRD-00875 Knorr chicken powder (1kg)",10,g,,,,160,3560
g_instead_of_kg,"Chicken Achari Boti (8Pcs)","PRD-00882 LEMON (LEMU)",50,g,,,,160,3555
g_instead_of_kg,"Chicken Achari Boti (8Pcs)","PRD-00838 Leason",15,g,,,,160,3556
g_instead_of_kg,"Chicken Achari Boti (8Pcs)","PRD-00925 Piyaz",20,g,,,,160,3563
g_instead_of_kg,"Chicken Achari Boti (8Pcs)","PRD-00958 Red Chilli(1kg)",5,g,,,,160,3557
g_instead_of_kg,"Chicken Achari Boti (8Pcs)","PRD-00962 SALT 800G",10,g,,,,160,3559
g_instead_of_kg,"Chicken Achari Boti (8Pcs)","PRD-00768 SHIMLA MIRCH",15,g,,,,160,3562
g_instead_of_kg,"Chicken Achari Boti (8Pcs)","PRD-00961 Safaid zeerah",5,g,,,,160,3554
g_instead_of_kg,"Chicken Achari Boti (8Pcs)","PRD-00974 Sonf spice",6,g,,,,160,3553
g_instead_of_kg,"Chicken Achari Boti (8Pcs)","PRD-01002 THAI PIECE CHICKEN",700,g,,,,160,3552
g_instead_of_kg,"Chicken Achari Boti (8Pcs)","PRD-01010 TOMATO",10,g,,,,160,3564
g_instead_of_kg,"Chicken Achari Handi","PRD-00842 Adrak",10,g,,,,94,2845
g_instead_of_kg,"Chicken Achari Handi","PRD-00751 BONE LESS CHICKEN",450,g,,,,94,2839
g_instead_of_kg,"Chicken Achari Handi","PRD-00798 CORIENDER (SABZ DHANYA)",10,g,,,,94,2855
g_instead_of_kg,"Chicken Achari Handi","PRD-00822 Dried coriander(khushk dhanya)",6,g,,,,94,2849
g_instead_of_kg,"Chicken Achari Handi","PRD-00846 GREEN CHILLI (SABZ MIRCH)",10,g,,,,94,2846
g_instead_of_kg,"Chicken Achari Handi","PRD-00866 KALWANJI",2,g,,,,94,2847
g_instead_of_kg,"Chicken Achari Handi","PRD-00875 Knorr chicken powder (1kg)",10,g,,,,94,2854
g_instead_of_kg,"Chicken Achari Handi","PRD-00838 Leason",10,g,,,,94,2844
g_instead_of_kg,"Chicken Achari Handi","PRD-00906 METHII DANA",2,g,,,,94,2848
g_instead_of_kg,"Chicken Achari Handi","PRD-00907 MILK PACK CREAM",30,g,,,,94,2853
g_instead_of_kg,"Chicken Achari Handi","PRD-00925 Piyaz",80,g,,,,94,2842
g_instead_of_kg,"Chicken Achari Handi","PRD-00958 Red Chilli(1kg)",5,g,,,,94,2851
g_instead_of_kg,"Chicken Achari Handi","PRD-00962 SALT 800G",2,g,,,,94,2850
g_instead_of_kg,"Chicken Achari Handi","PRD-00961 Safaid zeerah",5,g,,,,94,2856
g_instead_of_kg,"Chicken Achari Handi","PRD-01010 TOMATO",120,g,,,,94,2841
g_instead_of_kg,"Chicken Achari Handi","PRD-01016 Turmeric Powder(1kg)",2,g,,,,94,2852
g_instead_of_kg,"Chicken Achari Handi","PRD-01041 Yogurt",60,g,,,,94,2840
g_instead_of_kg,"Chicken Badami Karahi (Full)","PRD-00725 ALMOND",100,g,,,,262,4694
g_instead_of_kg,"Chicken Badami Karahi (Full)","PRD-00842 Adrak",40,g,,,,262,4697
g_instead_of_kg,"Chicken Badami Karahi (Full)","PRD-00822 Dried coriander(khushk dhanya)",16,g,,,,262,4700
g_instead_of_kg,"Chicken Badami Karahi (Full)","PRD-00837 GARAM MASALAH",6,g,,,,262,4703
g_instead_of_kg,"Chicken Badami Karahi (Full)","PRD-00846 GREEN CHILLI (SABZ MIRCH)",20,g,,,,262,4698
g_instead_of_kg,"Chicken Badami Karahi (Full)","PRD-00838 Leason",40,g,,,,262,4695
g_instead_of_kg,"Chicken Badami Karahi (Full)","PRD-00907 MILK PACK CREAM",120,g,,,,262,4693
g_instead_of_kg,"Chicken Badami Karahi (Full)","PRD-00925 Piyaz",300,g,,,,262,4691
g_instead_of_kg,"Chicken Badami Karahi (Full)","PRD-00962 SALT 800G",16,g,,,,262,4702
g_instead_of_kg,"Chicken Badami Karahi (Full)","PRD-00961 Safaid zeerah",6,g,,,,262,4701
g_instead_of_kg,"Chicken Badami Karahi (Full)","PRD-01016 Turmeric Powder(1kg)",6,g,,,,262,4704
g_instead_of_kg,"Chicken Badami Karahi (Full)","PRD-01028 White pepper",10,g,,,,262,4699
g_instead_of_kg,"Chicken Badami Karahi (Full)","PRD-01041 Yogurt",150,g,,,,262,4692
g_instead_of_kg,"Chicken Badami Karahi (Half)","PRD-00725 ALMOND",50,g,,,,135,5577
g_instead_of_kg,"Chicken Badami Karahi (Half)","PRD-00842 Adrak",20,g,,,,135,5580
g_instead_of_kg,"Chicken Badami Karahi (Half)","PRD-00777 Chicken Karahi",500,g,,,,135,5573
g_instead_of_kg,"Chicken Badami Karahi (Half)","PRD-00822 Dried coriander(khushk dhanya)",8,g,,,,135,5583
g_instead_of_kg,"Chicken Badami Karahi (Half)","PRD-00837 GARAM MASALAH",3,g,,,,135,5586
g_instead_of_kg,"Chicken Badami Karahi (Half)","PRD-00846 GREEN CHILLI (SABZ MIRCH)",10,g,,,,135,5581
g_instead_of_kg,"Chicken Badami Karahi (Half)","PRD-00838 Leason",20,g,,,,135,5578
g_instead_of_kg,"Chicken Badami Karahi (Half)","PRD-00907 MILK PACK CREAM",60,g,,,,135,5576
g_instead_of_kg,"Chicken Badami Karahi (Half)","PRD-00925 Piyaz",150,g,,,,135,5574
g_instead_of_kg,"Chicken Badami Karahi (Half)","PRD-00962 SALT 800G",8,g,,,,135,5585
g_instead_of_kg,"Chicken Badami Karahi (Half)","PRD-00961 Safaid zeerah",3,g,,,,135,5584
g_instead_of_kg,"Chicken Badami Karahi (Half)","PRD-01016 Turmeric Powder(1kg)",3,g,,,,135,5587
g_instead_of_kg,"Chicken Badami Karahi (Half)","PRD-01028 White pepper",5,g,,,,135,5582
g_instead_of_kg,"Chicken Badami Karahi (Half)","PRD-01041 Yogurt",80,g,,,,135,5575
g_instead_of_kg,"Chicken Behari Kebab Pizza (F)","PRD-00751 BONE LESS CHICKEN",500,g,,,,141,7380
g_instead_of_kg,"Chicken Behari Kebab Pizza (F)","PRD-00846 GREEN CHILLI (SABZ MIRCH)",10,g,,,,141,3365
g_instead_of_kg,"Chicken Behari Kebab Pizza (F)","PRD-00845 Graed Cheese 30/70 (2KG)",450,g,,,,141,7381
g_instead_of_kg,"Chicken Behari Kebab Pizza (F)","PRD-00882 LEMON (LEMU)",5,g,,,,141,3366
g_instead_of_kg,"Chicken Behari Kebab Pizza (F)","PRD-00838 Leason",10,g,,,,141,3364
g_instead_of_kg,"Chicken Behari Kebab Pizza (F)","PRD-00895 Maida",380,g,,,,141,3358
g_instead_of_kg,"Chicken Behari Kebab Pizza (F)","PRD-00925 Piyaz",20,g,,,,141,3363
g_instead_of_kg,"Chicken Behari Kebab Pizza (F)","PRD-00962 SALT 800G",7,g,,,,141,3362
g_instead_of_kg,"Chicken Behari Kebab Pizza (F)","PRD-00990 Sugar",10,g,,,,141,3360
g_instead_of_kg,"Chicken Behari Kebab Pizza (F)","PRD-01036 Yeast(500g)",7,g,,,,141,3359
g_instead_of_kg,"Chicken Behari Kebab Pizza (L)","PRD-00798 CORIENDER (SABZ DHANYA)",10,g,,,,235,6236
g_instead_of_kg,"Chicken Behari Kebab Pizza (L)","PRD-00825 Eka_300 Powder(500g)",2,g,,,,235,6238
g_instead_of_kg,"Chicken Behari Kebab Pizza (L)","PRD-00827 Everyday Powder(1kg)",8,g,,,,235,6226
g_instead_of_kg,"Chicken Behari Kebab Pizza (L)","PRD-00845 Graed Cheese 30/70 (2KG)",350,g,,,,235,6237
g_instead_of_kg,"Chicken Behari Kebab Pizza (L)","PRD-00895 Maida",320,g,,,,235,6231
g_instead_of_kg,"Chicken Behari Kebab Pizza (L)","PRD-00925 Piyaz",45,g,,,,235,6234
g_instead_of_kg,"Chicken Behari Kebab Pizza (L)","PRD-00962 SALT 800G",5,g,,,,235,6228
g_instead_of_kg,"Chicken Behari Kebab Pizza (L)","PRD-00768 SHIMLA MIRCH",30,g,,,,235,6235
g_instead_of_kg,"Chicken Behari Kebab Pizza (L)","PRD-00990 Sugar",10,g,,,,235,6230
g_instead_of_kg,"Chicken Behari Kebab Pizza (L)","PRD-01002 THAI PIECE CHICKEN",350,g,,,,235,6232
g_instead_of_kg,"Chicken Behari Kebab Pizza (L)","PRD-01036 Yeast(500g)",6,g,,,,235,6227
g_instead_of_kg,"Chicken Behari Kebab Pizza (M)","PRD-00748 BLACK PEPPER",3,g,,,,237,6287
g_instead_of_kg,"Chicken Behari Kebab Pizza (M)","PRD-00825 Eka_300 Powder(500g)",2,g,,,,237,6289
g_instead_of_kg,"Chicken Behari Kebab Pizza (M)","PRD-00827 Everyday Powder(1kg)",5,g,,,,237,6275
g_instead_of_kg,"Chicken Behari Kebab Pizza (M)","PRD-00846 GREEN CHILLI (SABZ MIRCH)",5,g,,,,237,6286
g_instead_of_kg,"Chicken Behari Kebab Pizza (M)","PRD-00845 Graed Cheese 30/70 (2KG)",250,g,,,,237,6288
g_instead_of_kg,"Chicken Behari Kebab Pizza (M)","PRD-00907 MILK PACK CREAM",15,g,,,,237,6285
g_instead_of_kg,"Chicken Behari Kebab Pizza (M)","PRD-00895 Maida",220,g,,,,237,6273
g_instead_of_kg,"Chicken Behari Kebab Pizza (M)","PRD-00925 Piyaz",30,g,,,,237,6281
g_instead_of_kg,"Chicken Behari Kebab Pizza (M)","PRD-00954 Real mayo 4KG",25,g,,,,237,6284
g_instead_of_kg,"Chicken Behari Kebab Pizza (M)","PRD-00962 SALT 800G",3,g,,,,237,6277
g_instead_of_kg,"Chicken Behari Kebab Pizza (M)","PRD-00768 SHIMLA MIRCH",20,g,,,,237,6282
g_instead_of_kg,"Chicken Behari Kebab Pizza (M)","PRD-00990 Sugar",6,g,,,,237,6278
g_instead_of_kg,"Chicken Behari Kebab Pizza (M)","PRD-01002 THAI PIECE CHICKEN",250,g,,,,237,6274
g_instead_of_kg,"Chicken Behari Kebab Pizza (M)","PRD-01010 TOMATO",10,g,,,,237,6283
g_instead_of_kg,"Chicken Behari Kebab Pizza (M)","PRD-01036 Yeast(500g)",4,g,,,,237,6276
g_instead_of_kg,"Chicken Biryani","PRD-00842 Adrak",1,g,,,,226,6182
g_instead_of_kg,"Chicken Biryani","PRD-00739 BASPATI RICE",300,g,,,,226,6172
g_instead_of_kg,"Chicken Biryani","PRD-00744 BIRYANI MASALA",20,g,,,,226,6186
g_instead_of_kg,"Chicken Biryani","PRD-00748 BLACK PEPPER",3,g,,,,226,6175
g_instead_of_kg,"Chicken Biryani","PRD-00777 Chicken Karahi",300,g,,,,226,6171
g_instead_of_kg,"Chicken Biryani","PRD-00846 GREEN CHILLI (SABZ MIRCH)",8,g,,,,226,6177
g_instead_of_kg,"Chicken Biryani","PRD-00872 KHUSHAK ALUU BUKHARA",15,g,,,,226,6173
g_instead_of_kg,"Chicken Biryani","PRD-00882 LEMON (LEMU)",5,g,,,,226,6181
g_instead_of_kg,"Chicken Biryani","PRD-00889 LONG (CLOVE)",1,g,,,,226,6180
g_instead_of_kg,"Chicken Biryani","PRD-00838 Leason",3,g,,,,226,6178
g_instead_of_kg,"Chicken Biryani","PRD-00911 MINT(PODINA)",20,g,,,,226,6185
g_instead_of_kg,"Chicken Biryani","PRD-00925 Piyaz",30,g,,,,226,6184
g_instead_of_kg,"Chicken Biryani","PRD-00962 SALT 800G",10,g,,,,226,6174
g_instead_of_kg,"Chicken Biryani","PRD-01001 TEZ PATTA",1,g,,,,226,6179
g_instead_of_kg,"Chicken Biryani","PRD-01041 Yogurt",20,g,,,,226,6183
g_instead_of_kg,"Chicken Black Pepper Karahi (Full)","PRD-00842 Adrak",40,g,,,,269,4785
g_instead_of_kg,"Chicken Black Pepper Karahi (Full)","PRD-00748 BLACK PEPPER",20,g,,,,269,4787
g_instead_of_kg,"Chicken Black Pepper Karahi (Full)","PRD-00798 CORIENDER (SABZ DHANYA)",30,g,,,,269,4792
g_instead_of_kg,"Chicken Black Pepper Karahi (Full)","PRD-00822 Dried coriander(khushk dhanya)",16,g,,,,269,4790
g_instead_of_kg,"Chicken Black Pepper Karahi (Full)","PRD-00837 GARAM MASALAH",6,g,,,,269,4786
g_instead_of_kg,"Chicken Black Pepper Karahi (Full)","PRD-00846 GREEN CHILLI (SABZ MIRCH)",30,g,,,,269,4789
g_instead_of_kg,"Chicken Black Pepper Karahi (Full)","PRD-00838 Leason",40,g,,,,269,4784
g_instead_of_kg,"Chicken Black Pepper Karahi (Full)","PRD-00907 MILK PACK CREAM",50,g,,,,269,4782
g_instead_of_kg,"Chicken Black Pepper Karahi (Full)","PRD-00925 Piyaz",300,g,,,,269,4780
g_instead_of_kg,"Chicken Black Pepper Karahi (Full)","PRD-00962 SALT 800G",16,g,,,,269,4788
g_instead_of_kg,"Chicken Black Pepper Karahi (Full)","PRD-00961 Safaid zeerah",10,g,,,,269,4791
g_instead_of_kg,"Chicken Black Pepper Karahi (Full)","PRD-01041 Yogurt",150,g,,,,269,4781
g_instead_of_kg,"Chicken Black Pepper Karahi (Half)","PRD-00842 Adrak",20,g,,,,133,3273
g_instead_of_kg,"Chicken Black Pepper Karahi (Half)","PRD-00748 BLACK PEPPER",10,g,,,,133,3276
g_instead_of_kg,"Chicken Black Pepper Karahi (Half)","PRD-00798 CORIENDER (SABZ DHANYA)",15,g,,,,133,3281
g_instead_of_kg,"Chicken Black Pepper Karahi (Half)","PRD-00777 Chicken Karahi",500,g,,,,133,3268
g_instead_of_kg,"Chicken Black Pepper Karahi (Half)","PRD-00822 Dried coriander(khushk dhanya)",8,g,,,,133,3279
g_instead_of_kg,"Chicken Black Pepper Karahi (Half)","PRD-00837 GARAM MASALAH",3,g,,,,133,3275
g_instead_of_kg,"Chicken Black Pepper Karahi (Half)","PRD-00846 GREEN CHILLI (SABZ MIRCH)",15,g,,,,133,3278
g_instead_of_kg,"Chicken Black Pepper Karahi (Half)","PRD-00838 Leason",20,g,,,,133,3274
g_instead_of_kg,"Chicken Black Pepper Karahi (Half)","PRD-00907 MILK PACK CREAM",25,g,,,,133,3271
g_instead_of_kg,"Chicken Black Pepper Karahi (Half)","PRD-00925 Piyaz",150,g,,,,133,3269
g_instead_of_kg,"Chicken Black Pepper Karahi (Half)","PRD-00962 SALT 800G",8,g,,,,133,3277
g_instead_of_kg,"Chicken Black Pepper Karahi (Half)","PRD-00961 Safaid zeerah",5,g,,,,133,3280
g_instead_of_kg,"Chicken Black Pepper Karahi (Half)","PRD-01041 Yogurt",80,g,,,,133,3270
g_instead_of_kg,"Chicken Cashew Nut (Family)","PRD-00748 BLACK PEPPER",5,g,,,,175,3728
g_instead_of_kg,"Chicken Cashew Nut (Family)","PRD-00751 BONE LESS CHICKEN",450,g,,,,175,3731
g_instead_of_kg,"Chicken Cashew Nut (Family)","PRD-00772 CARROT(GAJER)",80,g,,,,175,3723
g_instead_of_kg,"Chicken Cashew Nut (Family)","PRD-00799 Corn Floor",25,g,,,,175,3732
g_instead_of_kg,"Chicken Cashew Nut (Family)","PRD-00832 FISH SAUCE(500ml)",15,g,,,,175,3730
g_instead_of_kg,"Chicken Cashew Nut (Family)","PRD-00848 Green onion",30,g,,,,175,3724
g_instead_of_kg,"Chicken Cashew Nut (Family)","PRD-00877 KNORR KETCHUP 4KG",120,g,,,,175,3729
g_instead_of_kg,"Chicken Cashew Nut (Family)","PRD-00875 Knorr chicken powder (1kg)",15,g,,,,175,3725
g_instead_of_kg,"Chicken Cashew Nut (Family)","PRD-00838 Leason",15,g,,,,175,3719
g_instead_of_kg,"Chicken Cashew Nut (Family)","PRD-00925 Piyaz",140,g,,,,175,3722
g_instead_of_kg,"Chicken Cashew Nut (Family)","PRD-00958 Red Chilli(1kg)",20,g,,,,175,3720
g_instead_of_kg,"Chicken Cashew Nut (Family)","PRD-00962 SALT 800G",5,g,,,,175,3726
g_instead_of_kg,"Chicken Cashew Nut (Family)","PRD-00768 SHIMLA MIRCH",140,g,,,,175,3721
g_instead_of_kg,"Chicken Cashew Nut (Family)","PRD-00990 Sugar",10,g,,,,175,3727
g_instead_of_kg,"Chicken Cashew Nut (Single)","PRD-00748 BLACK PEPPER",3,g,,,,129,3209
g_instead_of_kg,"Chicken Cashew Nut (Single)","PRD-00751 BONE LESS CHICKEN",150,g,,,,129,3200
g_instead_of_kg,"Chicken Cashew Nut (Single)","PRD-00772 CARROT(GAJER)",80,g,,,,129,3205
g_instead_of_kg,"Chicken Cashew Nut (Single)","PRD-00799 Corn Floor",15,g,,,,129,3214
g_instead_of_kg,"Chicken Cashew Nut (Single)","PRD-00832 FISH SAUCE(500ml)",15,g,,,,129,3211
g_instead_of_kg,"Chicken Cashew Nut (Single)","PRD-00848 Green onion",40,g,,,,129,3206
g_instead_of_kg,"Chicken Cashew Nut (Single)","PRD-00864 KAJU",100,g,,,,129,3212
g_instead_of_kg,"Chicken Cashew Nut (Single)","PRD-00877 KNORR KETCHUP 4KG",120,g,,,,129,3210
g_instead_of_kg,"Chicken Cashew Nut (Single)","PRD-00875 Knorr chicken powder (1kg)",15,g,,,,129,3213
g_instead_of_kg,"Chicken Cashew Nut (Single)","PRD-00838 Leason",15,g,,,,129,3202
g_instead_of_kg,"Chicken Cashew Nut (Single)","PRD-00958 Red Chilli(1kg)",20,g,,,,129,3203
g_instead_of_kg,"Chicken Cashew Nut (Single)","PRD-00962 SALT 800G",4,g,,,,129,3207
g_instead_of_kg,"Chicken Cashew Nut (Single)","PRD-00768 SHIMLA MIRCH",140,g,,,,129,3204
g_instead_of_kg,"Chicken Cashew Nut (Single)","PRD-00990 Sugar",12,g,,,,129,3208
g_instead_of_kg,"Chicken Cheese Kebab (4Pcs)","PRD-00842 Adrak",6,g,,,,153,3478
g_instead_of_kg,"Chicken Cheese Kebab (4Pcs)","PRD-00748 BLACK PEPPER",3,g,,,,153,3483
g_instead_of_kg,"Chicken Cheese Kebab (4Pcs)","PRD-00798 CORIENDER (SABZ DHANYA)",10,g,,,,153,3480
g_instead_of_kg,"Chicken Cheese Kebab (4Pcs)","PRD-00846 GREEN CHILLI (SABZ MIRCH)",8,g,,,,153,3479
g_instead_of_kg,"Chicken Cheese Kebab (4Pcs)","PRD-00875 Knorr chicken powder (1kg)",5,g,,,,153,3485
g_instead_of_kg,"Chicken Cheese Kebab (4Pcs)","PRD-00838 Leason",6,g,,,,153,3477
g_instead_of_kg,"Chicken Cheese Kebab (4Pcs)","PRD-00919 Mutton(Charbi)",40,g,,,,153,3481
g_instead_of_kg,"Chicken Cheese Kebab (4Pcs)","PRD-00925 Piyaz",40,g,,,,153,3476
g_instead_of_kg,"Chicken Cheese Kebab (4Pcs)","PRD-00962 SALT 800G",5,g,,,,153,3482
g_instead_of_kg,"Chicken Cheese Kebab (4Pcs)","PRD-00961 Safaid zeerah",4,g,,,,153,3484
g_instead_of_kg,"Chicken Cheese Kebab (4Pcs)","PRD-01002 THAI PIECE CHICKEN",300,g,,,,153,3475
g_instead_of_kg,"Chicken Chilli Dry (Family)","PRD-00842 Adrak",50,g,,,,176,3741
g_instead_of_kg,"Chicken Chilli Dry (Family)","PRD-00748 BLACK PEPPER",5,g,,,,176,3736
g_instead_of_kg,"Chicken Chilli Dry (Family)","PRD-00751 BONE LESS CHICKEN",500,g,,,,176,3733
g_instead_of_kg,"Chicken Chilli Dry (Family)","PRD-00832 FISH SAUCE(500ml)",15,g,,,,176,3738
g_instead_of_kg,"Chicken Chilli Dry (Family)","PRD-00846 GREEN CHILLI (SABZ MIRCH)",80,g,,,,176,3740
g_instead_of_kg,"Chicken Chilli Dry (Family)","PRD-00875 Knorr chicken powder (1kg)",18,g,,,,176,3735
g_instead_of_kg,"Chicken Chilli Dry (Family)","PRD-00838 Leason",15,g,,,,176,3734
g_instead_of_kg,"Chicken Chilli Dry (Family)","PRD-00958 Red Chilli(1kg)",25,g,,,,176,3737
g_instead_of_kg,"Chicken Chilli Dry (Family)","PRD-00987 SUFAID TIL",15,g,,,,176,3744
g_instead_of_kg,"Chicken Chilli Dry (Family)","PRD-00990 Sugar",10,g,,,,176,3743
g_instead_of_kg,"Chicken Chilli Dry (Single)","PRD-00842 Adrak",50,g,,,,131,3236
g_instead_of_kg,"Chicken Chilli Dry (Single)","PRD-00748 BLACK PEPPER",3,g,,,,131,3231
g_instead_of_kg,"Chicken Chilli Dry (Single)","PRD-00751 BONE LESS CHICKEN",200,g,,,,131,3227
g_instead_of_kg,"Chicken Chilli Dry (Single)","PRD-00832 FISH SAUCE(500ml)",15,g,,,,131,3233
g_instead_of_kg,"Chicken Chilli Dry (Single)","PRD-00846 GREEN CHILLI (SABZ MIRCH)",80,g,,,,131,3235
g_instead_of_kg,"Chicken Chilli Dry (Single)","PRD-00875 Knorr chicken powder (1kg)",18,g,,,,131,3230
g_instead_of_kg,"Chicken Chilli Dry (Single)","PRD-00838 Leason",5,g,,,,131,3229
g_instead_of_kg,"Chicken Chilli Dry (Single)","PRD-00958 Red Chilli(1kg)",25,g,,,,131,3232
g_instead_of_kg,"Chicken Chilli Dry (Single)","PRD-00987 SUFAID TIL",5,g,,,,131,3237
g_instead_of_kg,"Chicken Chowmein","PRD-00748 BLACK PEPPER",5,g,,,,231,4333
g_instead_of_kg,"Chicken Chowmein","PRD-00751 BONE LESS CHICKEN",150,g,,,,231,4323
g_instead_of_kg,"Chicken Chowmein","PRD-00772 CARROT(GAJER)",70,g,,,,231,4324
g_instead_of_kg,"Chicken Chowmein","PRD-00762 Cabbage(band ghobi)",80,g,,,,231,4325
g_instead_of_kg,"Chicken Chowmein","PRD-00848 Green onion",50,g,,,,231,4326
g_instead_of_kg,"Chicken Chowmein","PRD-00877 KNORR KETCHUP 4KG",50,g,,,,231,4328
g_instead_of_kg,"Chicken Chowmein","PRD-00875 Knorr chicken powder (1kg)",18,g,,,,231,4331
g_instead_of_kg,"Chicken Chowmein","PRD-00962 SALT 800G",4,g,,,,231,4329
g_instead_of_kg,"Chicken Chowmein","PRD-00768 SHIMLA MIRCH",50,g,,,,231,4327
g_instead_of_kg,"Chicken Chowmein","PRD-00990 Sugar",4,g,,,,231,4330
g_instead_of_kg,"Chicken Corn Soup (Family)","PRD-00748 BLACK PEPPER",4,g,,,,186,3853
g_instead_of_kg,"Chicken Corn Soup (Family)","PRD-00751 BONE LESS CHICKEN",300,g,,,,186,3847
g_instead_of_kg,"Chicken Corn Soup (Family)","PRD-00799 Corn Floor",80,g,,,,186,3850
g_instead_of_kg,"Chicken Corn Soup (Family)","PRD-00848 Green onion",30,g,,,,186,3851
g_instead_of_kg,"Chicken Corn Soup (Family)","PRD-00875 Knorr chicken powder (1kg)",18,g,,,,186,3855
g_instead_of_kg,"Chicken Corn Soup (Family)","PRD-00962 SALT 800G",10,g,,,,186,3852
g_instead_of_kg,"Chicken Corn Soup (Family)","PRD-00990 Sugar",15,g,,,,186,3856
g_instead_of_kg,"Chicken Corn Soup (Family)","PRD-00994 Sweet Corn(2kg)",120,g,,,,186,3848
g_instead_of_kg,"Chicken Corn Soup (Family)","PRD-01028 White pepper",3,g,,,,186,3854
g_instead_of_kg,"Chicken Corn Soup (Single)","PRD-00748 BLACK PEPPER",3,g,,,,277,4881
g_instead_of_kg,"Chicken Corn Soup (Single)","PRD-00751 BONE LESS CHICKEN",150,g,,,,277,4876
g_instead_of_kg,"Chicken Corn Soup (Single)","PRD-00799 Corn Floor",20,g,,,,277,4879
g_instead_of_kg,"Chicken Corn Soup (Single)","PRD-00848 Green onion",8,g,,,,277,4885
g_instead_of_kg,"Chicken Corn Soup (Single)","PRD-00875 Knorr chicken powder (1kg)",7,g,,,,277,4883
g_instead_of_kg,"Chicken Corn Soup (Single)","PRD-00962 SALT 800G",3,g,,,,277,4880
g_instead_of_kg,"Chicken Corn Soup (Single)","PRD-00990 Sugar",5,g,,,,277,4884
g_instead_of_kg,"Chicken Corn Soup (Single)","PRD-00994 Sweet Corn(2kg)",40,g,,,,277,4877
g_instead_of_kg,"Chicken Corn Soup (Single)","PRD-01028 White pepper",2,g,,,,277,4882
g_instead_of_kg,"Chicken Fajita - Pizza (F)","PRD-00748 BLACK PEPPER",3,g,,,,272,6595
g_instead_of_kg,"Chicken Fajita - Pizza (F)","PRD-00802 Crushed chilli(dara mirch)",10,g,,,,272,6597
g_instead_of_kg,"Chicken Fajita - Pizza (F)","PRD-00825 Eka_300 Powder(500g)",3,g,,,,272,6602
g_instead_of_kg,"Chicken Fajita - Pizza (F)","PRD-00827 Everyday Powder(1kg)",15,g,,,,272,6586
g_instead_of_kg,"Chicken Fajita - Pizza (F)","PRD-00877 KNORR KETCHUP 4KG",10,g,,,,272,6594
g_instead_of_kg,"Chicken Fajita - Pizza (F)","PRD-00875 Knorr chicken powder (1kg)",15,g,,,,272,6596
g_instead_of_kg,"Chicken Fajita - Pizza (F)","PRD-00907 MILK PACK CREAM",10,g,,,,272,6599
g_instead_of_kg,"Chicken Fajita - Pizza (F)","PRD-00895 Maida",380,g,,,,272,6585
g_instead_of_kg,"Chicken Fajita - Pizza (F)","PRD-00915 Mozzarella cheese",400,g,,,,272,6601
g_instead_of_kg,"Chicken Fajita - Pizza (F)","PRD-00925 Piyaz",60,g,,,,272,6592
g_instead_of_kg,"Chicken Fajita - Pizza (F)","PRD-00954 Real mayo 4KG",30,g,,,,272,6600
g_instead_of_kg,"Chicken Fajita - Pizza (F)","PRD-00958 Red Chilli(1kg)",10,g,,,,272,6598
g_instead_of_kg,"Chicken Fajita - Pizza (F)","PRD-00962 SALT 800G",6,g,,,,272,6589
g_instead_of_kg,"Chicken Fajita - Pizza (F)","PRD-00768 SHIMLA MIRCH",60,g,,,,272,6591
g_instead_of_kg,"Chicken Fajita - Pizza (F)","PRD-00990 Sugar",10,g,,,,272,6590
g_instead_of_kg,"Chicken Fajita - Pizza (F)","PRD-01002 THAI PIECE CHICKEN",350,g,,,,272,6583
g_instead_of_kg,"Chicken Fajita - Pizza (F)","PRD-01010 TOMATO",50,g,,,,272,6593
g_instead_of_kg,"Chicken Fajita - Pizza (F)","PRD-01036 Yeast(500g)",7,g,,,,272,6587
g_instead_of_kg,"Chicken Fajita - Pizza (L)","PRD-00748 BLACK PEPPER",4,g,,,,252,4589
g_instead_of_kg,"Chicken Fajita - Pizza (L)","PRD-00751 BONE LESS CHICKEN",320,g,,,,252,4573
g_instead_of_kg,"Chicken Fajita - Pizza (L)","PRD-00827 Everyday Powder(1kg)",12,g,,,,252,4580
g_instead_of_kg,"Chicken Fajita - Pizza (L)","PRD-00877 KNORR KETCHUP 4KG",5,g,,,,252,4587
g_instead_of_kg,"Chicken Fajita - Pizza (L)","PRD-00838 Leason",3,g,,,,252,4579
g_instead_of_kg,"Chicken Fajita - Pizza (L)","PRD-00895 Maida",320,g,,,,252,4578
g_instead_of_kg,"Chicken Fajita - Pizza (L)","PRD-00925 Piyaz",40,g,,,,252,4575
g_instead_of_kg,"Chicken Fajita - Pizza (L)","PRD-00954 Real mayo 4KG",25,g,,,,252,4586
g_instead_of_kg,"Chicken Fajita - Pizza (L)","PRD-00962 SALT 800G",5,g,,,,252,4583
g_instead_of_kg,"Chicken Fajita - Pizza (L)","PRD-00768 SHIMLA MIRCH",40,g,,,,252,4577
g_instead_of_kg,"Chicken Fajita - Pizza (L)","PRD-00980 Sriracha sauce",10,g,,,,252,4588
g_instead_of_kg,"Chicken Fajita - Pizza (L)","PRD-00990 Sugar",8,g,,,,252,4585
g_instead_of_kg,"Chicken Fajita - Pizza (L)","PRD-01010 TOMATO",30,g,,,,252,4574
g_instead_of_kg,"Chicken Fajita - Pizza (L)","PRD-01036 Yeast(500g)",6,g,,,,252,4584
g_instead_of_kg,"Chicken Fajita - Pizza (M)","PRD-00825 Eka_300 Powder(500g)",1,g,,,,307,6813
g_instead_of_kg,"Chicken Fajita - Pizza (M)","PRD-00827 Everyday Powder(1kg)",8,g,,,,307,6805
g_instead_of_kg,"Chicken Fajita - Pizza (M)","PRD-00895 Maida",220,g,,,,307,6803
g_instead_of_kg,"Chicken Fajita - Pizza (M)","PRD-00915 Mozzarella cheese",240,g,,,,307,6814
g_instead_of_kg,"Chicken Fajita - Pizza (M)","PRD-00925 Piyaz",20,g,,,,307,6810
g_instead_of_kg,"Chicken Fajita - Pizza (M)","PRD-00962 SALT 800G",4,g,,,,307,6808
g_instead_of_kg,"Chicken Fajita - Pizza (M)","PRD-00768 SHIMLA MIRCH",20,g,,,,307,6812
g_instead_of_kg,"Chicken Fajita - Pizza (M)","PRD-00990 Sugar",6,g,,,,307,6807
g_instead_of_kg,"Chicken Fajita - Pizza (M)","PRD-01002 THAI PIECE CHICKEN",200,g,,,,307,6809
g_instead_of_kg,"Chicken Fajita - Pizza (M)","PRD-01010 TOMATO",20,g,,,,307,6811
g_instead_of_kg,"Chicken Fajita - Pizza (M)","PRD-01036 Yeast(500g)",4,g,,,,307,6806
g_instead_of_kg,"Chicken Ginger","PRD-00842 Adrak",30,g,,,,96,2876
g_instead_of_kg,"Chicken Ginger","PRD-00748 BLACK PEPPER",5,g,,,,96,2884
g_instead_of_kg,"Chicken Ginger","PRD-00751 BONE LESS CHICKEN",450,g,,,,96,2875
g_instead_of_kg,"Chicken Ginger","PRD-00798 CORIENDER (SABZ DHANYA)",10,g,,,,96,2890
g_instead_of_kg,"Chicken Ginger","PRD-00822 Dried coriander(khushk dhanya)",8,g,,,,96,2885
g_instead_of_kg,"Chicken Ginger","PRD-00837 GARAM MASALAH",3,g,,,,96,2887
g_instead_of_kg,"Chicken Ginger","PRD-00846 GREEN CHILLI (SABZ MIRCH)",10,g,,,,96,2882
g_instead_of_kg,"Chicken Ginger","PRD-00875 Knorr chicken powder (1kg)",10,g,,,,96,2889
g_instead_of_kg,"Chicken Ginger","PRD-00838 Leason",10,g,,,,96,2881
g_instead_of_kg,"Chicken Ginger","PRD-00907 MILK PACK CREAM",6,g,,,,96,2888
g_instead_of_kg,"Chicken Ginger","PRD-00925 Piyaz",80,g,,,,96,2879
g_instead_of_kg,"Chicken Ginger","PRD-00962 SALT 800G",6,g,,,,96,2883
g_instead_of_kg,"Chicken Ginger","PRD-00961 Safaid zeerah",3,g,,,,96,2886
g_instead_of_kg,"Chicken Ginger","PRD-01010 TOMATO",12,g,,,,96,2877
g_instead_of_kg,"Chicken Ginger","PRD-01041 Yogurt",60,g,,,,96,2878
g_instead_of_kg,"Chicken Green Chilli Lime Handi","PRD-00751 BONE LESS CHICKEN",450,g,,,,74,6845
g_instead_of_kg,"Chicken Green Chilli Lime Handi","PRD-00837 GARAM MASALAH",3,g,,,,74,6852
g_instead_of_kg,"Chicken Green Chilli Lime Handi","PRD-00846 GREEN CHILLI (SABZ MIRCH)",15,g,,,,74,6846
g_instead_of_kg,"Chicken Green Chilli Lime Handi","PRD-00875 Knorr chicken powder (1kg)",10,g,,,,74,6853
g_instead_of_kg,"Chicken Green Chilli Lime Handi","PRD-00838 Leason",20,g,,,,74,6847
g_instead_of_kg,"Chicken Green Chilli Lime Handi","PRD-00907 MILK PACK CREAM",50,g,,,,74,6855
g_instead_of_kg,"Chicken Green Chilli Lime Handi","PRD-00925 Piyaz",120,g,,,,74,6850
g_instead_of_kg,"Chicken Green Chilli Lime Handi","PRD-00962 SALT 800G",7,g,,,,74,6848
g_instead_of_kg,"Chicken Green Chilli Lime Handi","PRD-00961 Safaid zeerah",4,g,,,,74,6851
g_instead_of_kg,"Chicken Green Chilli Lime Handi","PRD-01016 Turmeric Powder(1kg)",2,g,,,,74,6856
g_instead_of_kg,"Chicken Green Chilli Lime Handi","PRD-01028 White pepper",4,g,,,,74,6857
g_instead_of_kg,"Chicken Green Chilli Lime Handi","PRD-01041 Yogurt",60,g,,,,74,6854
g_instead_of_kg,"Chicken Handi","PRD-00842 Adrak",10,g,,,,95,2861
g_instead_of_kg,"Chicken Handi","PRD-00748 BLACK PEPPER",3,g,,,,95,2872
g_instead_of_kg,"Chicken Handi","PRD-00751 BONE LESS CHICKEN",450,g,,,,95,2857
g_instead_of_kg,"Chicken Handi","PRD-00798 CORIENDER (SABZ DHANYA)",10,g,,,,95,2866
g_instead_of_kg,"Chicken Handi","PRD-00802 Crushed chilli(dara mirch)",7,g,,,,95,2867
g_instead_of_kg,"Chicken Handi","PRD-00822 Dried coriander(khushk dhanya)",3,g,,,,95,2869
g_instead_of_kg,"Chicken Handi","PRD-00837 GARAM MASALAH",3,g,,,,95,2873
g_instead_of_kg,"Chicken Handi","PRD-00846 GREEN CHILLI (SABZ MIRCH)",6,g,,,,95,2874
g_instead_of_kg,"Chicken Handi","PRD-00838 Leason",10,g,,,,95,2862
g_instead_of_kg,"Chicken Handi","PRD-00907 MILK PACK CREAM",50,g,,,,95,2864
g_instead_of_kg,"Chicken Handi","PRD-00925 Piyaz",140,g,,,,95,2859
g_instead_of_kg,"Chicken Handi","PRD-00958 Red Chilli(1kg)",3,g,,,,95,2868
g_instead_of_kg,"Chicken Handi","PRD-00962 SALT 800G",10,g,,,,95,2865
g_instead_of_kg,"Chicken Handi","PRD-00961 Safaid zeerah",4,g,,,,95,2870
g_instead_of_kg,"Chicken Handi","PRD-01010 TOMATO",150,g,,,,95,2860
g_instead_of_kg,"Chicken Handi","PRD-01016 Turmeric Powder(1kg)",2,g,,,,95,2871
g_instead_of_kg,"Chicken Handi","PRD-01041 Yogurt",70,g,,,,95,2863
g_instead_of_kg,"Chicken Jalfrezi","PRD-00842 Adrak",10,g,,,,97,2897
g_instead_of_kg,"Chicken Jalfrezi","PRD-00748 BLACK PEPPER",4,g,,,,97,2902
g_instead_of_kg,"Chicken Jalfrezi","PRD-00751 BONE LESS CHICKEN",450,g,,,,97,2891
g_instead_of_kg,"Chicken Jalfrezi","PRD-00798 CORIENDER (SABZ DHANYA)",10,g,,,,97,2898
g_instead_of_kg,"Chicken Jalfrezi","PRD-00822 Dried coriander(khushk dhanya)",7,g,,,,97,2905
g_instead_of_kg,"Chicken Jalfrezi","PRD-00846 GREEN CHILLI (SABZ MIRCH)",7,g,,,,97,2899
g_instead_of_kg,"Chicken Jalfrezi","PRD-00875 Knorr chicken powder (1kg)",10,g,,,,97,2906
g_instead_of_kg,"Chicken Jalfrezi","PRD-00838 Leason",10,g,,,,97,2896
g_instead_of_kg,"Chicken Jalfrezi","PRD-00907 MILK PACK CREAM",50,g,,,,97,2908
g_instead_of_kg,"Chicken Jalfrezi","PRD-00925 Piyaz",140,g,,,,97,2893
g_instead_of_kg,"Chicken Jalfrezi","PRD-00958 Red Chilli(1kg)",5,g,,,,97,2901
g_instead_of_kg,"Chicken Jalfrezi","PRD-00962 SALT 800G",6,g,,,,97,2900
g_instead_of_kg,"Chicken Jalfrezi","PRD-00768 SHIMLA MIRCH",40,g,,,,97,2892
g_instead_of_kg,"Chicken Jalfrezi","PRD-00961 Safaid zeerah",4,g,,,,97,2904
g_instead_of_kg,"Chicken Jalfrezi","PRD-01010 TOMATO",150,g,,,,97,2894
g_instead_of_kg,"Chicken Jalfrezi","PRD-01016 Turmeric Powder(1kg)",2,g,,,,97,2903
g_instead_of_kg,"Chicken Jalfrezi","PRD-01041 Yogurt",70,g,,,,97,2907
g_instead_of_kg,"Chicken Karahi (Full)","PRD-00842 Adrak",30,g,,,,268,7156
g_instead_of_kg,"Chicken Karahi (Full)","PRD-00748 BLACK PEPPER",6,g,,,,268,7162
g_instead_of_kg,"Chicken Karahi (Full)","PRD-00798 CORIENDER (SABZ DHANYA)",30,g,,,,268,7167
g_instead_of_kg,"Chicken Karahi (Full)","PRD-00802 Crushed chilli(dara mirch)",6,g,,,,268,7165
g_instead_of_kg,"Chicken Karahi (Full)","PRD-00822 Dried coriander(khushk dhanya)",10,g,,,,268,7160
g_instead_of_kg,"Chicken Karahi (Full)","PRD-00837 GARAM MASALAH",6,g,,,,268,7163
g_instead_of_kg,"Chicken Karahi (Full)","PRD-00846 GREEN CHILLI (SABZ MIRCH)",20,g,,,,268,7158
g_instead_of_kg,"Chicken Karahi (Full)","PRD-00838 Leason",30,g,,,,268,7157
g_instead_of_kg,"Chicken Karahi (Full)","PRD-00958 Red Chilli(1kg)",10,g,,,,268,7164
g_instead_of_kg,"Chicken Karahi (Full)","PRD-00962 SALT 800G",15,g,,,,268,7159
g_instead_of_kg,"Chicken Karahi (Full)","PRD-00961 Safaid zeerah",6,g,,,,268,7161
g_instead_of_kg,"Chicken Karahi (Full)","PRD-01010 TOMATO",350,g,,,,268,7153
g_instead_of_kg,"Chicken Karahi (Full)","PRD-01016 Turmeric Powder(1kg)",2,g,,,,268,7166
g_instead_of_kg,"Chicken Karahi (Full)","PRD-01041 Yogurt",100,g,,,,268,7154
g_instead_of_kg,"Chicken Karahi (Half)","PRD-00842 Adrak",15,g,,,,132,5562
g_instead_of_kg,"Chicken Karahi (Half)","PRD-00748 BLACK PEPPER",3,g,,,,132,5567
g_instead_of_kg,"Chicken Karahi (Half)","PRD-00798 CORIENDER (SABZ DHANYA)",15,g,,,,132,5571
g_instead_of_kg,"Chicken Karahi (Half)","PRD-00777 Chicken Karahi",500,g,,,,132,5558
g_instead_of_kg,"Chicken Karahi (Half)","PRD-00802 Crushed chilli(dara mirch)",3,g,,,,132,5570
g_instead_of_kg,"Chicken Karahi (Half)","PRD-00822 Dried coriander(khushk dhanya)",5,g,,,,132,5565
g_instead_of_kg,"Chicken Karahi (Half)","PRD-00837 GARAM MASALAH",3,g,,,,132,5568
g_instead_of_kg,"Chicken Karahi (Half)","PRD-00846 GREEN CHILLI (SABZ MIRCH)",10,g,,,,132,5563
g_instead_of_kg,"Chicken Karahi (Half)","PRD-00838 Leason",15,g,,,,132,5561
g_instead_of_kg,"Chicken Karahi (Half)","PRD-00958 Red Chilli(1kg)",5,g,,,,132,5569
g_instead_of_kg,"Chicken Karahi (Half)","PRD-00962 SALT 800G",8,g,,,,132,5564
g_instead_of_kg,"Chicken Karahi (Half)","PRD-00961 Safaid zeerah",3,g,,,,132,5566
g_instead_of_kg,"Chicken Karahi (Half)","PRD-01010 TOMATO",200,g,,,,132,5559
g_instead_of_kg,"Chicken Karahi (Half)","PRD-01016 Turmeric Powder(1kg)",1,g,,,,132,5572
g_instead_of_kg,"Chicken Kastoori Boti (8Pcs)","PRD-00771 Cardamom(sabz ilaichi)",3,g,,,,173,3704
g_instead_of_kg,"Chicken Kastoori Boti (8Pcs)","PRD-00864 KAJU",25,g,,,,173,3701
g_instead_of_kg,"Chicken Kastoori Boti (8Pcs)","PRD-00875 Knorr chicken powder (1kg)",10,g,,,,173,3700
g_instead_of_kg,"Chicken Kastoori Boti (8Pcs)","PRD-00838 Leason",15,g,,,,173,3698
g_instead_of_kg,"Chicken Kastoori Boti (8Pcs)","PRD-00907 MILK PACK CREAM",40,g,,,,173,3702
g_instead_of_kg,"Chicken Kastoori Boti (8Pcs)","PRD-00962 SALT 800G",6,g,,,,173,3699
g_instead_of_kg,"Chicken Kastoori Boti (8Pcs)","PRD-01002 THAI PIECE CHICKEN",650,g,,,,173,3697
g_instead_of_kg,"Chicken Kastoori Boti (8Pcs)","PRD-01028 White pepper",5,g,,,,173,3703
g_instead_of_kg,"Chicken Kebab Masalah","PRD-00842 Adrak",8,g,,,,75,6874
g_instead_of_kg,"Chicken Kebab Masalah","PRD-00748 BLACK PEPPER",3,g,,,,75,6884
g_instead_of_kg,"Chicken Kebab Masalah","PRD-00798 CORIENDER (SABZ DHANYA)",10,g,,,,75,6881
g_instead_of_kg,"Chicken Kebab Masalah","PRD-00802 Crushed chilli(dara mirch)",2,g,,,,75,6878
g_instead_of_kg,"Chicken Kebab Masalah","PRD-00837 GARAM MASALAH",2,g,,,,75,6880
g_instead_of_kg,"Chicken Kebab Masalah","PRD-00875 Knorr chicken powder (1kg)",10,g,,,,75,6877
g_instead_of_kg,"Chicken Kebab Masalah","PRD-00838 Leason",8,g,,,,75,6875
g_instead_of_kg,"Chicken Kebab Masalah","PRD-00907 MILK PACK CREAM",50,g,,,,75,6885
g_instead_of_kg,"Chicken Kebab Masalah","PRD-00925 Piyaz",120,g,,,,75,6872
g_instead_of_kg,"Chicken Kebab Masalah","PRD-00962 SALT 800G",7,g,,,,75,6876
g_instead_of_kg,"Chicken Kebab Masalah","PRD-00961 Safaid zeerah",3,g,,,,75,6879
g_instead_of_kg,"Chicken Kebab Masalah","PRD-01002 THAI PIECE CHICKEN",250,g,,,,75,7520
g_instead_of_kg,"Chicken Kebab Masalah","PRD-01010 TOMATO",80,g,,,,75,6882
g_instead_of_kg,"Chicken Kebab Masalah","PRD-01016 Turmeric Powder(1kg)",2,g,,,,75,6883
g_instead_of_kg,"Chicken Kebab Masalah","PRD-01041 Yogurt",40,g,,,,75,6873
g_instead_of_kg,"Chicken Lasagna","PRD-00748 BLACK PEPPER",2,g,,,,246,6397
g_instead_of_kg,"Chicken Lasagna","PRD-00751 BONE LESS CHICKEN",300,g,,,,246,6389
g_instead_of_kg,"Chicken Lasagna","PRD-00759 Butter",20,g,,,,246,6398
g_instead_of_kg,"Chicken Lasagna","PRD-00845 Graed Cheese 30/70 (2KG)",100,g,,,,246,6400
g_instead_of_kg,"Chicken Lasagna","PRD-00907 MILK PACK CREAM",100,g,,,,246,6392
g_instead_of_kg,"Chicken Lasagna","PRD-00908 MILK PACK NESTLE (1LITER)",50,g,,,,246,6391
g_instead_of_kg,"Chicken Lasagna","PRD-00926 Oregano(500g)",2,g,,,,246,6390
g_instead_of_kg,"Chicken Lasagna","PRD-00925 Piyaz",20,g,,,,246,6394
g_instead_of_kg,"Chicken Lasagna","PRD-00962 SALT 800G",2,g,,,,246,6396
g_instead_of_kg,"Chicken Lasagna","PRD-01010 TOMATO",50,g,,,,246,6393
g_instead_of_kg,"Chicken Lasagna","PRD-01011 TOMATO PASTE",100,g,,,,246,6399
g_instead_of_kg,"Chicken Loaded Fries","PRD-00747 Black Olive (3kg)",20,g,,,,207,6060
g_instead_of_kg,"Chicken Loaded Fries","PRD-00779 Chicken Tikka Masala(1kg)",5,g,,,,207,6059
g_instead_of_kg,"Chicken Loaded Fries","PRD-00720 Fries 2.5kg",360,g,,,,207,6050
g_instead_of_kg,"Chicken Loaded Fries","PRD-00877 KNORR KETCHUP 4KG",10,g,,,,207,6057
g_instead_of_kg,"Chicken Loaded Fries","PRD-00838 Leason",3,g,,,,207,6058
g_instead_of_kg,"Chicken Loaded Fries","PRD-00907 MILK PACK CREAM",15,g,,,,207,6055
g_instead_of_kg,"Chicken Loaded Fries","PRD-00915 Mozzarella cheese",70,g,,,,207,6061
g_instead_of_kg,"Chicken Loaded Fries","PRD-00926 Oregano(500g)",2,g,,,,207,6056
g_instead_of_kg,"Chicken Loaded Fries","PRD-00954 Real mayo 4KG",80,g,,,,207,6054
g_instead_of_kg,"Chicken Loaded Fries","PRD-00768 SHIMLA MIRCH",15,g,,,,207,6052
g_instead_of_kg,"Chicken Madrasi Handi","PRD-00748 BLACK PEPPER",3,g,,,,90,2786
g_instead_of_kg,"Chicken Madrasi Handi","PRD-00751 BONE LESS CHICKEN",450,g,,,,90,2782
g_instead_of_kg,"Chicken Madrasi Handi","PRD-00798 CORIENDER (SABZ DHANYA)",10,g,,,,90,2792
g_instead_of_kg,"Chicken Madrasi Handi","PRD-00822 Dried coriander(khushk dhanya)",7,g,,,,90,2784
g_instead_of_kg,"Chicken Madrasi Handi","PRD-00846 GREEN CHILLI (SABZ MIRCH)",8,g,,,,90,2791
g_instead_of_kg,"Chicken Madrasi Handi","PRD-00875 Knorr chicken powder (1kg)",10,g,,,,90,2793
g_instead_of_kg,"Chicken Madrasi Handi","PRD-00907 MILK PACK CREAM",40,g,,,,90,2790
g_instead_of_kg,"Chicken Madrasi Handi","PRD-00925 Piyaz",60,g,,,,90,2788
g_instead_of_kg,"Chicken Madrasi Handi","PRD-00962 SALT 800G",8,g,,,,90,2794
g_instead_of_kg,"Chicken Madrasi Handi","PRD-00961 Safaid zeerah",4,g,,,,90,2785
g_instead_of_kg,"Chicken Madrasi Handi","PRD-01010 TOMATO",120,g,,,,90,2789
g_instead_of_kg,"Chicken Madrasi Handi","PRD-01041 Yogurt",60,g,,,,90,2783
g_instead_of_kg,"Chicken Makhni Handi","PRD-00725 ALMOND",10,g,,,,92,5337
g_instead_of_kg,"Chicken Makhni Handi","PRD-00751 BONE LESS CHICKEN",450,g,,,,92,5333
g_instead_of_kg,"Chicken Makhni Handi","PRD-00759 Butter",60,g,,,,92,5334
g_instead_of_kg,"Chicken Makhni Handi","PRD-00798 CORIENDER (SABZ DHANYA)",10,g,,,,92,5345
g_instead_of_kg,"Chicken Makhni Handi","PRD-00822 Dried coriander(khushk dhanya)",8,g,,,,92,5341
g_instead_of_kg,"Chicken Makhni Handi","PRD-00837 GARAM MASALAH",3,g,,,,92,5342
g_instead_of_kg,"Chicken Makhni Handi","PRD-00846 GREEN CHILLI (SABZ MIRCH)",3,g,,,,92,5339
g_instead_of_kg,"Chicken Makhni Handi","PRD-00864 KAJU",20,g,,,,92,5336
g_instead_of_kg,"Chicken Makhni Handi","PRD-00875 Knorr chicken powder (1kg)",10,g,,,,92,5344
g_instead_of_kg,"Chicken Makhni Handi","PRD-00907 MILK PACK CREAM",60,g,,,,92,5338
g_instead_of_kg,"Chicken Makhni Handi","PRD-00962 SALT 800G",7,g,,,,92,5343
g_instead_of_kg,"Chicken Makhni Handi","PRD-00961 Safaid zeerah",4,g,,,,92,5340
g_instead_of_kg,"Chicken Makhni Handi","PRD-01016 Turmeric Powder(1kg)",1,g,,,,92,5346
g_instead_of_kg,"Chicken Malai Boti (8Pcs)","PRD-00771 Cardamom(sabz ilaichi)",2,g,,,,171,3678
g_instead_of_kg,"Chicken Malai Boti (8Pcs)","PRD-00822 Dried coriander(khushk dhanya)",10,g,,,,171,3677
g_instead_of_kg,"Chicken Malai Boti (8Pcs)","PRD-00846 GREEN CHILLI (SABZ MIRCH)",15,g,,,,171,3673
g_instead_of_kg,"Chicken Malai Boti (8Pcs)","PRD-00875 Knorr chicken powder (1kg)",10,g,,,,171,3681
g_instead_of_kg,"Chicken Malai Boti (8Pcs)","PRD-00838 Leason",10,g,,,,171,3674
g_instead_of_kg,"Chicken Malai Boti (8Pcs)","PRD-00907 MILK PACK CREAM",70,g,,,,171,3672
g_instead_of_kg,"Chicken Malai Boti (8Pcs)","PRD-00962 SALT 800G",6,g,,,,171,3679
g_instead_of_kg,"Chicken Malai Boti (8Pcs)","PRD-00961 Safaid zeerah",5,g,,,,171,3676
g_instead_of_kg,"Chicken Malai Boti (8Pcs)","PRD-01002 THAI PIECE CHICKEN",650,g,,,,171,3671
g_instead_of_kg,"Chicken Malai Boti (8Pcs)","PRD-01028 White pepper",10,g,,,,171,3675
g_instead_of_kg,"Chicken Malai Handi","PRD-00725 ALMOND",10,g,,,,89,5356
g_instead_of_kg,"Chicken Malai Handi","PRD-00842 Adrak",10,g,,,,89,5353
g_instead_of_kg,"Chicken Malai Handi","PRD-00751 BONE LESS CHICKEN",450,g,,,,89,5347
g_instead_of_kg,"Chicken Malai Handi","PRD-00837 GARAM MASALAH",2,g,,,,89,5359
g_instead_of_kg,"Chicken Malai Handi","PRD-00846 GREEN CHILLI (SABZ MIRCH)",10,g,,,,89,5354
g_instead_of_kg,"Chicken Malai Handi","PRD-00864 KAJU",10,g,,,,89,5355
g_instead_of_kg,"Chicken Malai Handi","PRD-00875 Knorr chicken powder (1kg)",10,g,,,,89,5360
g_instead_of_kg,"Chicken Malai Handi","PRD-00838 Leason",10,g,,,,89,5352
g_instead_of_kg,"Chicken Malai Handi","PRD-00907 MILK PACK CREAM",80,g,,,,89,5348
g_instead_of_kg,"Chicken Malai Handi","PRD-00925 Piyaz",120,g,,,,89,5350
g_instead_of_kg,"Chicken Malai Handi","PRD-00962 SALT 800G",8,g,,,,89,5357
g_instead_of_kg,"Chicken Malai Handi","PRD-00961 Safaid zeerah",3,g,,,,89,5358
g_instead_of_kg,"Chicken Malai Handi","PRD-01028 White pepper",3,g,,,,89,5361
g_instead_of_kg,"Chicken Malai Handi","PRD-01041 Yogurt",80,g,,,,89,5349
g_instead_of_kg,"Chicken Manchurian (Family)","PRD-00748 BLACK PEPPER",3,g,,,,177,3754
g_instead_of_kg,"Chicken Manchurian (Family)","PRD-00751 BONE LESS CHICKEN",450,g,,,,177,3745
g_instead_of_kg,"Chicken Manchurian (Family)","PRD-00799 Corn Floor",25,g,,,,177,3756
g_instead_of_kg,"Chicken Manchurian (Family)","PRD-00846 GREEN CHILLI (SABZ MIRCH)",10,g,,,,177,3750
g_instead_of_kg,"Chicken Manchurian (Family)","PRD-00877 KNORR KETCHUP 4KG",350,g,,,,177,3747
g_instead_of_kg,"Chicken Manchurian (Family)","PRD-00875 Knorr chicken powder (1kg)",10,g,,,,177,3752
g_instead_of_kg,"Chicken Manchurian (Family)","PRD-00838 Leason",15,g,,,,177,3748
g_instead_of_kg,"Chicken Manchurian (Family)","PRD-00958 Red Chilli(1kg)",25,g,,,,177,3751
g_instead_of_kg,"Chicken Manchurian (Family)","PRD-00962 SALT 800G",5,g,,,,177,3753
g_instead_of_kg,"Chicken Manchurian (Family)","PRD-00990 Sugar",20,g,,,,177,3755
g_instead_of_kg,"Chicken Manchurian (Single)","PRD-00748 BLACK PEPPER",2,g,,,,127,3185
g_instead_of_kg,"Chicken Manchurian (Single)","PRD-00751 BONE LESS CHICKEN",120,g,,,,127,3176
g_instead_of_kg,"Chicken Manchurian (Single)","PRD-00799 Corn Floor",5,g,,,,127,3187
g_instead_of_kg,"Chicken Manchurian (Single)","PRD-00846 GREEN CHILLI (SABZ MIRCH)",3,g,,,,127,3181
g_instead_of_kg,"Chicken Manchurian (Single)","PRD-00877 KNORR KETCHUP 4KG",80,g,,,,127,3179
g_instead_of_kg,"Chicken Manchurian (Single)","PRD-00875 Knorr chicken powder (1kg)",3,g,,,,127,3183
g_instead_of_kg,"Chicken Manchurian (Single)","PRD-00838 Leason",4,g,,,,127,3178
g_instead_of_kg,"Chicken Manchurian (Single)","PRD-00958 Red Chilli(1kg)",5,g,,,,127,3182
g_instead_of_kg,"Chicken Manchurian (Single)","PRD-00962 SALT 800G",2,g,,,,127,3184
g_instead_of_kg,"Chicken Manchurian (Single)","PRD-00990 Sugar",5,g,,,,127,3186
g_instead_of_kg,"Chicken Mandi With Rice (Full)","PRD-00723 AJWAIN",5,g,,,,332,7224
g_instead_of_kg,"Chicken Mandi With Rice (Full)","PRD-00945 Alu",30,g,,,,332,7230
g_instead_of_kg,"Chicken Mandi With Rice (Full)","PRD-00782 CHILLI GARLIC(4KG)",5,g,,,,332,7216
g_instead_of_kg,"Chicken Mandi With Rice (Full)","PRD-00775 Chaat masala",10,g,,,,332,7213
g_instead_of_kg,"Chicken Mandi With Rice (Full)","PRD-00777 Chicken Karahi",250,g,,,,332,7521
g_instead_of_kg,"Chicken Mandi With Rice (Full)","PRD-00802 Crushed chilli(dara mirch)",6,g,,,,332,7217
g_instead_of_kg,"Chicken Mandi With Rice (Full)","PRD-00822 Dried coriander(khushk dhanya)",8,g,,,,332,7220
g_instead_of_kg,"Chicken Mandi With Rice (Full)","PRD-00835 Food colour",1,g,,,,332,7214
g_instead_of_kg,"Chicken Mandi With Rice (Full)","PRD-00837 GARAM MASALAH",3,g,,,,332,7225
g_instead_of_kg,"Chicken Mandi With Rice (Full)","PRD-00864 KAJU",20,g,,,,332,7231
g_instead_of_kg,"Chicken Mandi With Rice (Full)","PRD-00877 KNORR KETCHUP 4KG",10,g,,,,332,7223
g_instead_of_kg,"Chicken Mandi With Rice (Full)","PRD-00873 Kishmish",20,g,,,,332,7232
g_instead_of_kg,"Chicken Mandi With Rice (Full)","PRD-00875 Knorr chicken powder (1kg)",15,g,,,,332,7226
g_instead_of_kg,"Chicken Mandi With Rice (Full)","PRD-00838 Leason",4,g,,,,332,7218
g_instead_of_kg,"Chicken Mandi With Rice (Full)","PRD-00925 Piyaz",80,g,,,,332,7229
g_instead_of_kg,"Chicken Mandi With Rice (Full)","PRD-00881 Pizza tabel",750,g,,,,332,7211
g_instead_of_kg,"Chicken Mandi With Rice (Full)","PRD-00958 Red Chilli(1kg)",6,g,,,,332,7227
g_instead_of_kg,"Chicken Mandi With Rice (Full)","PRD-00962 SALT 800G",5,g,,,,332,7215
g_instead_of_kg,"Chicken Mandi With Rice (Full)","PRD-00961 Safaid zeerah",8,g,,,,332,7221
g_instead_of_kg,"Chicken Mandi With Rice (Full)","PRD-00968 Sela Rice",450,g,,,,332,7228
g_instead_of_kg,"Chicken Mandi With Rice (Full)","PRD-01041 Yogurt",50,g,,,,332,7212
g_instead_of_kg,"Chicken Mandi With Rice (Half)","PRD-00723 AJWAIN",3,g,,,,334,7266
g_instead_of_kg,"Chicken Mandi With Rice (Half)","PRD-00945 Alu",30,g,,,,334,7272
g_instead_of_kg,"Chicken Mandi With Rice (Half)","PRD-00782 CHILLI GARLIC(4KG)",3,g,,,,334,7257
g_instead_of_kg,"Chicken Mandi With Rice (Half)","PRD-00775 Chaat masala",5,g,,,,334,7255
g_instead_of_kg,"Chicken Mandi With Rice (Half)","PRD-00777 Chicken Karahi",300,g,,,,334,7522
g_instead_of_kg,"Chicken Mandi With Rice (Half)","PRD-00802 Crushed chilli(dara mirch)",3,g,,,,334,7259
g_instead_of_kg,"Chicken Mandi With Rice (Half)","PRD-00822 Dried coriander(khushk dhanya)",4,g,,,,334,7262
g_instead_of_kg,"Chicken Mandi With Rice (Half)","PRD-00835 Food colour",1,g,,,,334,7256
g_instead_of_kg,"Chicken Mandi With Rice (Half)","PRD-00837 GARAM MASALAH",2,g,,,,334,7267
g_instead_of_kg,"Chicken Mandi With Rice (Half)","PRD-00864 KAJU",20,g,,,,334,7273
g_instead_of_kg,"Chicken Mandi With Rice (Half)","PRD-00877 KNORR KETCHUP 4KG",5,g,,,,334,7265
g_instead_of_kg,"Chicken Mandi With Rice (Half)","PRD-00873 Kishmish",20,g,,,,334,7274
g_instead_of_kg,"Chicken Mandi With Rice (Half)","PRD-00875 Knorr chicken powder (1kg)",8,g,,,,334,7268
g_instead_of_kg,"Chicken Mandi With Rice (Half)","PRD-00838 Leason",2,g,,,,334,7260
g_instead_of_kg,"Chicken Mandi With Rice (Half)","PRD-00925 Piyaz",80,g,,,,334,7271
g_instead_of_kg,"Chicken Mandi With Rice (Half)","PRD-00881 Pizza tabel",350,g,,,,334,7253
g_instead_of_kg,"Chicken Mandi With Rice (Half)","PRD-00958 Red Chilli(1kg)",3,g,,,,334,7269
g_instead_of_kg,"Chicken Mandi With Rice (Half)","PRD-00962 SALT 800G",3,g,,,,334,7258
g_instead_of_kg,"Chicken Mandi With Rice (Half)","PRD-00961 Safaid zeerah",4,g,,,,334,7263
g_instead_of_kg,"Chicken Mandi With Rice (Half)","PRD-00968 Sela Rice",250,g,,,,334,7270
g_instead_of_kg,"Chicken Mandi With Rice (Half)","PRD-01041 Yogurt",25,g,,,,334,7254
g_instead_of_kg,"Chicken Masalah Rice","PRD-00739 BASPATI RICE",300,g,,,,227,4272
g_instead_of_kg,"Chicken Masalah Rice","PRD-00739 BASPATI RICE",300,g,,,,228,4283
g_instead_of_kg,"Chicken Masalah Rice","PRD-00748 BLACK PEPPER",4,g,,,,227,4281
g_instead_of_kg,"Chicken Masalah Rice","PRD-00748 BLACK PEPPER",4,g,,,,228,4292
g_instead_of_kg,"Chicken Masalah Rice","PRD-00751 BONE LESS CHICKEN",120,g,,,,227,4274
g_instead_of_kg,"Chicken Masalah Rice","PRD-00751 BONE LESS CHICKEN",120,g,,,,228,4285
g_instead_of_kg,"Chicken Masalah Rice","PRD-00837 GARAM MASALAH",5,g,,,,227,4280
g_instead_of_kg,"Chicken Masalah Rice","PRD-00837 GARAM MASALAH",5,g,,,,228,4291
g_instead_of_kg,"Chicken Masalah Rice","PRD-00846 GREEN CHILLI (SABZ MIRCH)",8,g,,,,227,4275
g_instead_of_kg,"Chicken Masalah Rice","PRD-00846 GREEN CHILLI (SABZ MIRCH)",8,g,,,,228,4286
g_instead_of_kg,"Chicken Masalah Rice","PRD-00848 Green onion",40,g,,,,227,4276
g_instead_of_kg,"Chicken Masalah Rice","PRD-00848 Green onion",40,g,,,,228,4287
g_instead_of_kg,"Chicken Masalah Rice","PRD-00875 Knorr chicken powder (1kg)",10,g,,,,227,4278
g_instead_of_kg,"Chicken Masalah Rice","PRD-00875 Knorr chicken powder (1kg)",10,g,,,,228,4289
g_instead_of_kg,"Chicken Masalah Rice","PRD-00962 SALT 800G",8,g,,,,227,4279
g_instead_of_kg,"Chicken Masalah Rice","PRD-00962 SALT 800G",8,g,,,,228,4290
g_instead_of_kg,"Chicken Masalah Rice","PRD-01028 White pepper",4,g,,,,227,4282
g_instead_of_kg,"Chicken Masalah Rice","PRD-01028 White pepper",4,g,,,,228,4293
g_instead_of_kg,"Chicken Mughlai (Full)","PRD-00725 ALMOND",40,g,,,,264,4717
g_instead_of_kg,"Chicken Mughlai (Full)","PRD-00842 Adrak",20,g,,,,264,4718
g_instead_of_kg,"Chicken Mughlai (Full)","PRD-00822 Dried coriander(khushk dhanya)",10,g,,,,264,4723
g_instead_of_kg,"Chicken Mughlai (Full)","PRD-00837 GARAM MASALAH",4,g,,,,264,4725
g_instead_of_kg,"Chicken Mughlai (Full)","PRD-00864 KAJU",40,g,,,,264,4716
g_instead_of_kg,"Chicken Mughlai (Full)","PRD-00838 Leason",20,g,,,,264,4719
g_instead_of_kg,"Chicken Mughlai (Full)","PRD-00907 MILK PACK CREAM",120,g,,,,264,4720
g_instead_of_kg,"Chicken Mughlai (Full)","PRD-00925 Piyaz",400,g,,,,264,4714
g_instead_of_kg,"Chicken Mughlai (Full)","PRD-00958 Red Chilli(1kg)",8,g,,,,264,4721
g_instead_of_kg,"Chicken Mughlai (Full)","PRD-00962 SALT 800G",16,g,,,,264,4726
g_instead_of_kg,"Chicken Mughlai (Full)","PRD-00961 Safaid zeerah",10,g,,,,264,4722
g_instead_of_kg,"Chicken Mughlai (Full)","PRD-01016 Turmeric Powder(1kg)",2,g,,,,264,4724
g_instead_of_kg,"Chicken Mughlai (Full)","PRD-01041 Yogurt",260,g,,,,264,4715
g_instead_of_kg,"Chicken Mughlai (Half)","PRD-00725 ALMOND",20,g,,,,136,3315
g_instead_of_kg,"Chicken Mughlai (Half)","PRD-00842 Adrak",10,g,,,,136,3316
g_instead_of_kg,"Chicken Mughlai (Half)","PRD-00777 Chicken Karahi",500,g,,,,136,3311
g_instead_of_kg,"Chicken Mughlai (Half)","PRD-00822 Dried coriander(khushk dhanya)",5,g,,,,136,3321
g_instead_of_kg,"Chicken Mughlai (Half)","PRD-00837 GARAM MASALAH",2,g,,,,136,3323
g_instead_of_kg,"Chicken Mughlai (Half)","PRD-00864 KAJU",20,g,,,,136,3314
g_instead_of_kg,"Chicken Mughlai (Half)","PRD-00838 Leason",10,g,,,,136,3317
g_instead_of_kg,"Chicken Mughlai (Half)","PRD-00907 MILK PACK CREAM",60,g,,,,136,3318
g_instead_of_kg,"Chicken Mughlai (Half)","PRD-00925 Piyaz",200,g,,,,136,3312
g_instead_of_kg,"Chicken Mughlai (Half)","PRD-00958 Red Chilli(1kg)",4,g,,,,136,3319
g_instead_of_kg,"Chicken Mughlai (Half)","PRD-00962 SALT 800G",8,g,,,,136,3324
g_instead_of_kg,"Chicken Mughlai (Half)","PRD-00961 Safaid zeerah",5,g,,,,136,3320
g_instead_of_kg,"Chicken Mughlai (Half)","PRD-01016 Turmeric Powder(1kg)",1,g,,,,136,3322
g_instead_of_kg,"Chicken Mughlai (Half)","PRD-01041 Yogurt",150,g,,,,136,3313
g_instead_of_kg,"Chicken N Chips (2Pcs)","PRD-00802 Crushed chilli(dara mirch)",5,g,,,,84,5218
g_instead_of_kg,"Chicken N Chips (2Pcs)","PRD-00877 KNORR KETCHUP 4KG",5,g,,,,84,5226
g_instead_of_kg,"Chicken N Chips (2Pcs)","PRD-00875 Knorr chicken powder (1kg)",8,g,,,,84,5220
g_instead_of_kg,"Chicken N Chips (2Pcs)","PRD-00838 Leason",5,g,,,,84,5222
g_instead_of_kg,"Chicken N Chips (2Pcs)","PRD-00895 Maida",40,g,,,,84,5217
g_instead_of_kg,"Chicken N Chips (2Pcs)","PRD-00962 SALT 800G",3,g,,,,84,5219
g_instead_of_kg,"Chicken N Chips (2Pcs)","PRD-00987 SUFAID TIL",2,g,,,,84,5225
g_instead_of_kg,"Chicken N Chips (2Pcs)","PRD-00990 Sugar",8,g,,,,84,5221
g_instead_of_kg,"Chicken Reshmi Kebab (4Pcs)","PRD-00842 Adrak",6,g,,,,152,3466
g_instead_of_kg,"Chicken Reshmi Kebab (4Pcs)","PRD-00748 BLACK PEPPER",3,g,,,,152,3471
g_instead_of_kg,"Chicken Reshmi Kebab (4Pcs)","PRD-00771 Cardamom(sabz ilaichi)",2,g,,,,152,3474
g_instead_of_kg,"Chicken Reshmi Kebab (4Pcs)","PRD-00822 Dried coriander(khushk dhanya)",5,g,,,,152,3472
g_instead_of_kg,"Chicken Reshmi Kebab (4Pcs)","PRD-00846 GREEN CHILLI (SABZ MIRCH)",7,g,,,,152,3467
g_instead_of_kg,"Chicken Reshmi Kebab (4Pcs)","PRD-00838 Leason",6,g,,,,152,3465
g_instead_of_kg,"Chicken Reshmi Kebab (4Pcs)","PRD-00907 MILK PACK CREAM",30,g,,,,152,3463
g_instead_of_kg,"Chicken Reshmi Kebab (4Pcs)","PRD-00919 Mutton(Charbi)",30,g,,,,152,3468
g_instead_of_kg,"Chicken Reshmi Kebab (4Pcs)","PRD-00925 Piyaz",40,g,,,,152,3464
g_instead_of_kg,"Chicken Reshmi Kebab (4Pcs)","PRD-00962 SALT 800G",5,g,,,,152,3469
g_instead_of_kg,"Chicken Reshmi Kebab (4Pcs)","PRD-00961 Safaid zeerah",2,g,,,,152,3473
g_instead_of_kg,"Chicken Reshmi Kebab (4Pcs)","PRD-01002 THAI PIECE CHICKEN",300,g,,,,152,3462
g_instead_of_kg,"Chicken Reshmi Kebab (4Pcs)","PRD-01028 White pepper",3,g,,,,152,3470
g_instead_of_kg,"Chicken Shashlik (Family)","PRD-00748 BLACK PEPPER",3,g,,,,178,3768
g_instead_of_kg,"Chicken Shashlik (Family)","PRD-00751 BONE LESS CHICKEN",450,g,,,,178,3757
g_instead_of_kg,"Chicken Shashlik (Family)","PRD-00799 Corn Floor",25,g,,,,178,3769
g_instead_of_kg,"Chicken Shashlik (Family)","PRD-00877 KNORR KETCHUP 4KG",350,g,,,,178,3760
g_instead_of_kg,"Chicken Shashlik (Family)","PRD-00875 Knorr chicken powder (1kg)",10,g,,,,178,3765
g_instead_of_kg,"Chicken Shashlik (Family)","PRD-00838 Leason",15,g,,,,178,3759
g_instead_of_kg,"Chicken Shashlik (Family)","PRD-00925 Piyaz",140,g,,,,178,3763
g_instead_of_kg,"Chicken Shashlik (Family)","PRD-00958 Red Chilli(1kg)",25,g,,,,178,3761
g_instead_of_kg,"Chicken Shashlik (Family)","PRD-00962 SALT 800G",5,g,,,,178,3766
g_instead_of_kg,"Chicken Shashlik (Family)","PRD-00768 SHIMLA MIRCH",140,g,,,,178,3762
g_instead_of_kg,"Chicken Shashlik (Family)","PRD-00990 Sugar",20,g,,,,178,3767
g_instead_of_kg,"Chicken Shashlik (Family)","PRD-01010 TOMATO",60,g,,,,178,3764
g_instead_of_kg,"Chicken Shashlik (Single)","PRD-00748 BLACK PEPPER",2,g,,,,128,3198
g_instead_of_kg,"Chicken Shashlik (Single)","PRD-00751 BONE LESS CHICKEN",120,g,,,,128,3188
g_instead_of_kg,"Chicken Shashlik (Single)","PRD-00799 Corn Floor",5,g,,,,128,3199
g_instead_of_kg,"Chicken Shashlik (Single)","PRD-00877 KNORR KETCHUP 4KG",80,g,,,,128,3191
g_instead_of_kg,"Chicken Shashlik (Single)","PRD-00875 Knorr chicken powder (1kg)",3,g,,,,128,3195
g_instead_of_kg,"Chicken Shashlik (Single)","PRD-00838 Leason",4,g,,,,128,3190
g_instead_of_kg,"Chicken Shashlik (Single)","PRD-00925 Piyaz",40,g,,,,128,3193
g_instead_of_kg,"Chicken Shashlik (Single)","PRD-00962 SALT 800G",1,g,,,,128,3196
g_instead_of_kg,"Chicken Shashlik (Single)","PRD-00768 SHIMLA MIRCH",40,g,,,,128,3192
g_instead_of_kg,"Chicken Shashlik (Single)","PRD-00990 Sugar",6,g,,,,128,3197
g_instead_of_kg,"Chicken Shashlik (Single)","PRD-01010 TOMATO",40,g,,,,128,3194
g_instead_of_kg,"Chicken Shinwari (Full)","PRD-00842 Adrak",10,g,,,,263,7136
g_instead_of_kg,"Chicken Shinwari (Full)","PRD-00748 BLACK PEPPER",10,g,,,,263,7133
g_instead_of_kg,"Chicken Shinwari (Full)","PRD-00822 Dried coriander(khushk dhanya)",10,g,,,,263,7135
g_instead_of_kg,"Chicken Shinwari (Full)","PRD-00846 GREEN CHILLI (SABZ MIRCH)",10,g,,,,263,7137
g_instead_of_kg,"Chicken Shinwari (Full)","PRD-00838 Leason",15,g,,,,263,7132
g_instead_of_kg,"Chicken Shinwari (Full)","PRD-00962 SALT 800G",10,g,,,,263,7134
g_instead_of_kg,"Chicken Shinwari (Full)","PRD-01010 TOMATO",500,g,,,,263,7130
g_instead_of_kg,"Chicken Shinwari (Full)","PRD-01041 Yogurt",50,g,,,,263,7138
g_instead_of_kg,"Chicken Shinwari (Half)","PRD-00842 Adrak",5,g,,,,137,3333
g_instead_of_kg,"Chicken Shinwari (Half)","PRD-00748 BLACK PEPPER",5,g,,,,137,3330
g_instead_of_kg,"Chicken Shinwari (Half)","PRD-00777 Chicken Karahi",500,g,,,,137,3326
g_instead_of_kg,"Chicken Shinwari (Half)","PRD-00822 Dried coriander(khushk dhanya)",5,g,,,,137,3332
g_instead_of_kg,"Chicken Shinwari (Half)","PRD-00838 Leason",8,g,,,,137,3329
g_instead_of_kg,"Chicken Shinwari (Half)","PRD-00962 SALT 800G",8,g,,,,137,3331
g_instead_of_kg,"Chicken Shinwari (Half)","PRD-01010 TOMATO",250,g,,,,137,3327
g_instead_of_kg,"Chicken Smoked Handi","PRD-00842 Adrak",10,g,,,,91,2802
g_instead_of_kg,"Chicken Smoked Handi","PRD-00748 BLACK PEPPER",3,g,,,,91,2810
g_instead_of_kg,"Chicken Smoked Handi","PRD-00798 CORIENDER (SABZ DHANYA)",10,g,,,,91,2804
g_instead_of_kg,"Chicken Smoked Handi","PRD-00802 Crushed chilli(dara mirch)",7,g,,,,91,2805
g_instead_of_kg,"Chicken Smoked Handi","PRD-00837 GARAM MASALAH",4,g,,,,91,2808
g_instead_of_kg,"Chicken Smoked Handi","PRD-00846 GREEN CHILLI (SABZ MIRCH)",6,g,,,,91,2803
g_instead_of_kg,"Chicken Smoked Handi","PRD-00875 Knorr chicken powder (1kg)",10,g,,,,91,2809
g_instead_of_kg,"Chicken Smoked Handi","PRD-00838 Leason",6,g,,,,91,2801
g_instead_of_kg,"Chicken Smoked Handi","PRD-00907 MILK PACK CREAM",60,g,,,,91,2796
g_instead_of_kg,"Chicken Smoked Handi","PRD-00925 Piyaz",120,g,,,,91,2798
g_instead_of_kg,"Chicken Smoked Handi","PRD-00958 Red Chilli(1kg)",2,g,,,,91,2806
g_instead_of_kg,"Chicken Smoked Handi","PRD-00962 SALT 800G",8,g,,,,91,2811
g_instead_of_kg,"Chicken Smoked Handi","PRD-00961 Safaid zeerah",4,g,,,,91,2807
g_instead_of_kg,"Chicken Smoked Handi","PRD-01002 THAI PIECE CHICKEN",450,g,,,,91,2795
g_instead_of_kg,"Chicken Smoked Handi","PRD-01010 TOMATO",80,g,,,,91,2799
g_instead_of_kg,"Chicken Smoked Handi","PRD-01041 Yogurt",40,g,,,,91,2797
g_instead_of_kg,"Chicken Strips (6Pcs)","PRD-00748 BLACK PEPPER",4,g,,,,118,3080
g_instead_of_kg,"Chicken Strips (6Pcs)","PRD-00751 BONE LESS CHICKEN",300,g,,,,118,3073
g_instead_of_kg,"Chicken Strips (6Pcs)","PRD-00752 Bread Crumbs(1kg)",60,g,,,,118,3081
g_instead_of_kg,"Chicken Strips (6Pcs)","PRD-00799 Corn Floor",10,g,,,,118,3075
g_instead_of_kg,"Chicken Strips (6Pcs)","PRD-00802 Crushed chilli(dara mirch)",4,g,,,,118,3078
g_instead_of_kg,"Chicken Strips (6Pcs)","PRD-00875 Knorr chicken powder (1kg)",5,g,,,,118,3079
g_instead_of_kg,"Chicken Strips (6Pcs)","PRD-00838 Leason",5,g,,,,118,3082
g_instead_of_kg,"Chicken Strips (6Pcs)","PRD-00895 Maida",10,g,,,,118,3076
g_instead_of_kg,"Chicken Strips (6Pcs)","PRD-00962 SALT 800G",4,g,,,,118,3077
g_instead_of_kg,"Chicken Sulemani (Full)","PRD-00842 Adrak",30,g,,,,265,4729
g_instead_of_kg,"Chicken Sulemani (Full)","PRD-00748 BLACK PEPPER",5,g,,,,265,4731
g_instead_of_kg,"Chicken Sulemani (Full)","PRD-00846 GREEN CHILLI (SABZ MIRCH)",20,g,,,,265,4732
g_instead_of_kg,"Chicken Sulemani (Full)","PRD-00962 SALT 800G",15,g,,,,265,4730
g_instead_of_kg,"Chicken Sulemani (Half)","PRD-00842 Adrak",15,g,,,,138,3335
g_instead_of_kg,"Chicken Sulemani (Half)","PRD-00748 BLACK PEPPER",3,g,,,,138,3337
g_instead_of_kg,"Chicken Sulemani (Half)","PRD-00777 Chicken Karahi",500,g,,,,138,3334
g_instead_of_kg,"Chicken Sulemani (Half)","PRD-00846 GREEN CHILLI (SABZ MIRCH)",10,g,,,,138,3338
g_instead_of_kg,"Chicken Sulemani (Half)","PRD-00962 SALT 800G",8,g,,,,138,3336
g_instead_of_kg,"Chicken Szechuan (Family)","PRD-00751 BONE LESS CHICKEN",450,g,,,,174,3706
g_instead_of_kg,"Chicken Szechuan (Family)","PRD-00799 Corn Floor",50,g,,,,174,3708
g_instead_of_kg,"Chicken Szechuan (Family)","PRD-00877 KNORR KETCHUP 4KG",150,g,,,,174,3712
g_instead_of_kg,"Chicken Szechuan (Family)","PRD-00875 Knorr chicken powder (1kg)",12,g,,,,174,3715
g_instead_of_kg,"Chicken Szechuan (Family)","PRD-00838 Leason",15,g,,,,174,3717
g_instead_of_kg,"Chicken Szechuan (Family)","PRD-00925 Piyaz",140,g,,,,174,3711
g_instead_of_kg,"Chicken Szechuan (Family)","PRD-00958 Red Chilli(1kg)",20,g,,,,174,3713
g_instead_of_kg,"Chicken Szechuan (Family)","PRD-00962 SALT 800G",4,g,,,,174,3714
g_instead_of_kg,"Chicken Szechuan (Family)","PRD-00768 SHIMLA MIRCH",40,g,,,,174,3710
g_instead_of_kg,"Chicken Szechuan (Family)","PRD-00990 Sugar",12,g,,,,174,3716
g_instead_of_kg,"Chicken Teriyaki Roll","PRD-00739 BASPATI RICE",160,g,,,,98,2910
g_instead_of_kg,"Chicken Teriyaki Roll","PRD-00751 BONE LESS CHICKEN",120,g,,,,98,2913
g_instead_of_kg,"Chicken Teriyaki Roll","PRD-00772 CARROT(GAJER)",30,g,,,,98,2916
g_instead_of_kg,"Chicken Teriyaki Roll","PRD-00803 CUCUMBER(KHEERA)",30,g,,,,98,2915
g_instead_of_kg,"Chicken Teriyaki Roll","PRD-00962 SALT 800G",2,g,,,,98,2912
g_instead_of_kg,"Chicken Teriyaki Roll","PRD-00987 SUFAID TIL",6,g,,,,98,2917
g_instead_of_kg,"Chicken Teriyaki Roll","PRD-00990 Sugar",10,g,,,,98,2911
g_instead_of_kg,"Chicken Tikka - Pizza (F)","PRD-00748 BLACK PEPPER",10,g,,,,270,6579
g_instead_of_kg,"Chicken Tikka - Pizza (F)","PRD-00747 Black Olive (3kg)",15,g,,,,270,6582
g_instead_of_kg,"Chicken Tikka - Pizza (F)","PRD-00779 Chicken Tikka Masala(1kg)",3,g,,,,270,6570
g_instead_of_kg,"Chicken Tikka - Pizza (F)","PRD-00825 Eka_300 Powder(500g)",3,g,,,,270,6581
g_instead_of_kg,"Chicken Tikka - Pizza (F)","PRD-00827 Everyday Powder(1kg)",15,g,,,,270,6567
g_instead_of_kg,"Chicken Tikka - Pizza (F)","PRD-00907 MILK PACK CREAM",10,g,,,,270,6577
g_instead_of_kg,"Chicken Tikka - Pizza (F)","PRD-00895 Maida",380,g,,,,270,6565
g_instead_of_kg,"Chicken Tikka - Pizza (F)","PRD-00915 Mozzarella cheese",400,g,,,,270,6580
g_instead_of_kg,"Chicken Tikka - Pizza (F)","PRD-00925 Piyaz",60,g,,,,270,6574
g_instead_of_kg,"Chicken Tikka - Pizza (F)","PRD-00954 Real mayo 4KG",25,g,,,,270,6575
g_instead_of_kg,"Chicken Tikka - Pizza (F)","PRD-00958 Red Chilli(1kg)",10,g,,,,270,6578
g_instead_of_kg,"Chicken Tikka - Pizza (F)","PRD-00962 SALT 800G",6,g,,,,270,6572
g_instead_of_kg,"Chicken Tikka - Pizza (F)","PRD-00768 SHIMLA MIRCH",60,g,,,,270,6573
g_instead_of_kg,"Chicken Tikka - Pizza (F)","PRD-00990 Sugar",10,g,,,,270,6571
g_instead_of_kg,"Chicken Tikka - Pizza (F)","PRD-01002 THAI PIECE CHICKEN",350,g,,,,270,6564
g_instead_of_kg,"Chicken Tikka - Pizza (F)","PRD-01028 White pepper",3,g,,,,270,6576
g_instead_of_kg,"Chicken Tikka - Pizza (F)","PRD-01036 Yeast(500g)",7,g,,,,270,6568
g_instead_of_kg,"Chicken Tikka - Pizza (L)","PRD-00748 BLACK PEPPER",4,g,,,,253,6471
g_instead_of_kg,"Chicken Tikka - Pizza (L)","PRD-00747 Black Olive (3kg)",10,g,,,,253,6477
g_instead_of_kg,"Chicken Tikka - Pizza (L)","PRD-00779 Chicken Tikka Masala(1kg)",20,g,,,,253,6476
g_instead_of_kg,"Chicken Tikka - Pizza (L)","PRD-00825 Eka_300 Powder(500g)",2,g,,,,253,6479
g_instead_of_kg,"Chicken Tikka - Pizza (L)","PRD-00827 Everyday Powder(1kg)",12,g,,,,253,6470
g_instead_of_kg,"Chicken Tikka - Pizza (L)","PRD-00875 Knorr chicken powder (1kg)",3,g,,,,253,6469
g_instead_of_kg,"Chicken Tikka - Pizza (L)","PRD-00895 Maida",320,g,,,,253,6465
g_instead_of_kg,"Chicken Tikka - Pizza (L)","PRD-00915 Mozzarella cheese",340,g,,,,253,6480
g_instead_of_kg,"Chicken Tikka - Pizza (L)","PRD-00925 Piyaz",40,g,,,,253,6475
g_instead_of_kg,"Chicken Tikka - Pizza (L)","PRD-00954 Real mayo 4KG",25,g,,,,253,6473
g_instead_of_kg,"Chicken Tikka - Pizza (L)","PRD-00962 SALT 800G",5,g,,,,253,6466
g_instead_of_kg,"Chicken Tikka - Pizza (L)","PRD-00768 SHIMLA MIRCH",40,g,,,,253,6463
g_instead_of_kg,"Chicken Tikka - Pizza (L)","PRD-00980 Sriracha sauce",10,g,,,,253,6478
g_instead_of_kg,"Chicken Tikka - Pizza (L)","PRD-00990 Sugar",8,g,,,,253,6474
g_instead_of_kg,"Chicken Tikka - Pizza (L)","PRD-01002 THAI PIECE CHICKEN",320,g,,,,253,6462
g_instead_of_kg,"Chicken Tikka - Pizza (L)","PRD-01036 Yeast(500g)",6,g,,,,253,6472
g_instead_of_kg,"Chicken Tikka - Pizza (M)","PRD-00748 BLACK PEPPER",2,g,,,,328,7127
g_instead_of_kg,"Chicken Tikka - Pizza (M)","PRD-00747 Black Olive (3kg)",40,g,,,,328,7124
g_instead_of_kg,"Chicken Tikka - Pizza (M)","PRD-00779 Chicken Tikka Masala(1kg)",5,g,,,,328,7113
g_instead_of_kg,"Chicken Tikka - Pizza (M)","PRD-00825 Eka_300 Powder(500g)",1,g,,,,328,7120
g_instead_of_kg,"Chicken Tikka - Pizza (M)","PRD-00827 Everyday Powder(1kg)",8,g,,,,328,7118
g_instead_of_kg,"Chicken Tikka - Pizza (M)","PRD-00877 KNORR KETCHUP 4KG",10,g,,,,328,7126
g_instead_of_kg,"Chicken Tikka - Pizza (M)","PRD-00895 Maida",220,g,,,,328,7111
g_instead_of_kg,"Chicken Tikka - Pizza (M)","PRD-00915 Mozzarella cheese",240,g,,,,328,7114
g_instead_of_kg,"Chicken Tikka - Pizza (M)","PRD-00925 Piyaz",30,g,,,,328,7122
g_instead_of_kg,"Chicken Tikka - Pizza (M)","PRD-00954 Real mayo 4KG",20,g,,,,328,7125
g_instead_of_kg,"Chicken Tikka - Pizza (M)","PRD-00962 SALT 800G",4,g,,,,328,7115
g_instead_of_kg,"Chicken Tikka - Pizza (M)","PRD-00768 SHIMLA MIRCH",30,g,,,,328,7121
g_instead_of_kg,"Chicken Tikka - Pizza (M)","PRD-00990 Sugar",6,g,,,,328,7119
g_instead_of_kg,"Chicken Tikka - Pizza (M)","PRD-01002 THAI PIECE CHICKEN",200,g,,,,328,7112
g_instead_of_kg,"Chicken Tikka - Pizza (M)","PRD-01010 TOMATO",30,g,,,,328,7123
g_instead_of_kg,"Chicken Tikka - Pizza (M)","PRD-01036 Yeast(500g)",4,g,,,,328,7116
g_instead_of_kg,"Chicken Tikka Boti (8Pcs)","PRD-00802 Crushed chilli(dara mirch)",8,g,,,,172,3686
g_instead_of_kg,"Chicken Tikka Boti (8Pcs)","PRD-00822 Dried coriander(khushk dhanya)",5,g,,,,172,3688
g_instead_of_kg,"Chicken Tikka Boti (8Pcs)","PRD-00837 GARAM MASALAH",5,g,,,,172,3690
g_instead_of_kg,"Chicken Tikka Boti (8Pcs)","PRD-00846 GREEN CHILLI (SABZ MIRCH)",10,g,,,,172,3693
g_instead_of_kg,"Chicken Tikka Boti (8Pcs)","PRD-00875 Knorr chicken powder (1kg)",10,g,,,,172,3696
g_instead_of_kg,"Chicken Tikka Boti (8Pcs)","PRD-00882 LEMON (LEMU)",20,g,,,,172,3683
g_instead_of_kg,"Chicken Tikka Boti (8Pcs)","PRD-00838 Leason",20,g,,,,172,3685
g_instead_of_kg,"Chicken Tikka Boti (8Pcs)","PRD-00925 Piyaz",10,g,,,,172,3695
g_instead_of_kg,"Chicken Tikka Boti (8Pcs)","PRD-00958 Red Chilli(1kg)",8,g,,,,172,3687
g_instead_of_kg,"Chicken Tikka Boti (8Pcs)","PRD-00962 SALT 800G",8,g,,,,172,3691
g_instead_of_kg,"Chicken Tikka Boti (8Pcs)","PRD-00961 Safaid zeerah",5,g,,,,172,3689
g_instead_of_kg,"Chicken Tikka Boti (8Pcs)","PRD-01002 THAI PIECE CHICKEN",650,g,,,,172,3682
g_instead_of_kg,"Chicken Tikka Boti (8Pcs)","PRD-01010 TOMATO",10,g,,,,172,3694
g_instead_of_kg,"Chicken White Karahi (Full)","PRD-00725 ALMOND",10,g,,,,267,4753
g_instead_of_kg,"Chicken White Karahi (Full)","PRD-00842 Adrak",40,g,,,,267,4756
g_instead_of_kg,"Chicken White Karahi (Full)","PRD-00798 CORIENDER (SABZ DHANYA)",30,g,,,,267,4762
g_instead_of_kg,"Chicken White Karahi (Full)","PRD-00822 Dried coriander(khushk dhanya)",16,g,,,,267,4759
g_instead_of_kg,"Chicken White Karahi (Full)","PRD-00846 GREEN CHILLI (SABZ MIRCH)",20,g,,,,267,4757
g_instead_of_kg,"Chicken White Karahi (Full)","PRD-00838 Leason",40,g,,,,267,4754
g_instead_of_kg,"Chicken White Karahi (Full)","PRD-00907 MILK PACK CREAM",120,g,,,,267,4752
g_instead_of_kg,"Chicken White Karahi (Full)","PRD-00925 Piyaz",300,g,,,,267,4750
g_instead_of_kg,"Chicken White Karahi (Full)","PRD-00962 SALT 800G",16,g,,,,267,4761
g_instead_of_kg,"Chicken White Karahi (Full)","PRD-00961 Safaid zeerah",6,g,,,,267,4760
g_instead_of_kg,"Chicken White Karahi (Full)","PRD-01028 White pepper",10,g,,,,267,4758
g_instead_of_kg,"Chicken White Karahi (Full)","PRD-01041 Yogurt",150,g,,,,267,4751
g_instead_of_kg,"Chicken White Karahi (Half)","PRD-00725 ALMOND",5,g,,,,134,3286
g_instead_of_kg,"Chicken White Karahi (Half)","PRD-00842 Adrak",60,g,,,,134,3288
g_instead_of_kg,"Chicken White Karahi (Half)","PRD-00798 CORIENDER (SABZ DHANYA)",15,g,,,,134,3295
g_instead_of_kg,"Chicken White Karahi (Half)","PRD-00777 Chicken Karahi",500,g,,,,134,3282
g_instead_of_kg,"Chicken White Karahi (Half)","PRD-00822 Dried coriander(khushk dhanya)",8,g,,,,134,3292
g_instead_of_kg,"Chicken White Karahi (Half)","PRD-00846 GREEN CHILLI (SABZ MIRCH)",10,g,,,,134,3290
g_instead_of_kg,"Chicken White Karahi (Half)","PRD-00838 Leason",40,g,,,,134,3287
g_instead_of_kg,"Chicken White Karahi (Half)","PRD-00907 MILK PACK CREAM",60,g,,,,134,3285
g_instead_of_kg,"Chicken White Karahi (Half)","PRD-00925 Piyaz",150,g,,,,134,3283
g_instead_of_kg,"Chicken White Karahi (Half)","PRD-00962 SALT 800G",8,g,,,,134,3294
g_instead_of_kg,"Chicken White Karahi (Half)","PRD-00961 Safaid zeerah",3,g,,,,134,3293
g_instead_of_kg,"Chicken White Karahi (Half)","PRD-01028 White pepper",5,g,,,,134,3291
g_instead_of_kg,"Chicken White Karahi (Half)","PRD-01041 Yogurt",80,g,,,,134,3284
g_instead_of_kg,"Chocolate Cake","PRD-00736 Baking Powder(4.5kg)",10,g,,,,355,7486
g_instead_of_kg,"Chocolate Cake","PRD-00786 Chocolate slab(1kg)",200,g,,,,355,7490
g_instead_of_kg,"Chocolate Cake","PRD-00907 MILK PACK CREAM",200,g,,,,355,7488
g_instead_of_kg,"Chocolate Cake","PRD-00895 Maida",300,g,,,,355,7484
g_instead_of_kg,"Chocolate Cake","PRD-00990 Sugar",350,g,,,,355,7483
g_instead_of_kg,"Chocolate Cake","PRD-00791 coco powder",50,g,,,,355,7485
g_instead_of_kg,"Classic Burger","PRD-00748 BLACK PEPPER",3,g,,,,193,5898
g_instead_of_kg,"Classic Burger","PRD-00759 Butter",5,g,,,,193,5895
g_instead_of_kg,"Classic Burger","PRD-00772 CARROT(GAJER)",10,g,,,,193,5892
g_instead_of_kg,"Classic Burger","PRD-00803 CUCUMBER(KHEERA)",15,g,,,,193,5896
g_instead_of_kg,"Classic Burger","PRD-00762 Cabbage(band ghobi)",20,g,,,,193,5890
g_instead_of_kg,"Classic Burger","PRD-00720 Fries 2.5kg",80,g,,,,193,5889
g_instead_of_kg,"Classic Burger","PRD-00857 Iceberg(salad patta)",20,g,,,,193,5894
g_instead_of_kg,"Classic Burger","PRD-00877 KNORR KETCHUP 4KG",10,g,,,,193,5893
g_instead_of_kg,"Classic Burger","PRD-00962 SALT 800G",2,g,,,,193,5897
g_instead_of_kg,"Classic Burger","PRD-01010 TOMATO",15,g,,,,193,5891
g_instead_of_kg,"Clear Vegetable Soup (Family)","PRD-00748 BLACK PEPPER",4,g,,,,188,3872
g_instead_of_kg,"Clear Vegetable Soup (Family)","PRD-00753 BROCCOLI (SABZ GHOBHI)",90,g,,,,188,3866
g_instead_of_kg,"Clear Vegetable Soup (Family)","PRD-00772 CARROT(GAJER)",30,g,,,,188,3868
g_instead_of_kg,"Clear Vegetable Soup (Family)","PRD-00762 Cabbage(band ghobi)",50,g,,,,188,3869
g_instead_of_kg,"Clear Vegetable Soup (Family)","PRD-00836 FRESH BEANS",40,g,,,,188,3867
g_instead_of_kg,"Clear Vegetable Soup (Family)","PRD-00848 Green onion",30,g,,,,188,3870
g_instead_of_kg,"Clear Vegetable Soup (Family)","PRD-00875 Knorr chicken powder (1kg)",18,g,,,,188,3873
g_instead_of_kg,"Clear Vegetable Soup (Family)","PRD-00962 SALT 800G",8,g,,,,188,3871
g_instead_of_kg,"Clear Vegetable Soup (Family)","PRD-01028 White pepper",5,g,,,,188,3874
g_instead_of_kg,"Clear Vegetable Soup (Family)","PRD-01042 ZAKUNI",100,g,,,,188,3865
g_instead_of_kg,"Clear Vegetable Soup (Single)","PRD-00748 BLACK PEPPER",2,g,,,,279,4897
g_instead_of_kg,"Clear Vegetable Soup (Single)","PRD-00753 BROCCOLI (SABZ GHOBHI)",25,g,,,,279,4896
g_instead_of_kg,"Clear Vegetable Soup (Single)","PRD-00772 CARROT(GAJER)",10,g,,,,279,4903
g_instead_of_kg,"Clear Vegetable Soup (Single)","PRD-00762 Cabbage(band ghobi)",10,g,,,,279,4902
g_instead_of_kg,"Clear Vegetable Soup (Single)","PRD-00836 FRESH BEANS",10,g,,,,279,4898
g_instead_of_kg,"Clear Vegetable Soup (Single)","PRD-00848 Green onion",8,g,,,,279,4901
g_instead_of_kg,"Clear Vegetable Soup (Single)","PRD-00875 Knorr chicken powder (1kg)",7,g,,,,279,4899
g_instead_of_kg,"Clear Vegetable Soup (Single)","PRD-00962 SALT 800G",3,g,,,,279,4895
g_instead_of_kg,"Clear Vegetable Soup (Single)","PRD-01028 White pepper",2,g,,,,279,4900
g_instead_of_kg,"Clear Vegetable Soup (Single)","PRD-01042 ZAKUNI",40,g,,,,279,4894
g_instead_of_kg,"Club Sandwich","PRD-00748 BLACK PEPPER",3,g,,,,204,6005
g_instead_of_kg,"Club Sandwich","PRD-00759 Butter",5,g,,,,204,6004
g_instead_of_kg,"Club Sandwich","PRD-00772 CARROT(GAJER)",10,g,,,,204,6000
g_instead_of_kg,"Club Sandwich","PRD-00782 CHILLI GARLIC(4KG)",5,g,,,,204,6003
g_instead_of_kg,"Club Sandwich","PRD-00803 CUCUMBER(KHEERA)",20,g,,,,204,5998
g_instead_of_kg,"Club Sandwich","PRD-00762 Cabbage(band ghobi)",20,g,,,,204,5999
g_instead_of_kg,"Club Sandwich","PRD-00720 Fries 2.5kg",80,g,,,,204,6001
g_instead_of_kg,"Club Sandwich","PRD-00858 Icing Sugar",2,g,,,,204,6007
g_instead_of_kg,"Club Sandwich","PRD-00877 KNORR KETCHUP 4KG",10,g,,,,204,6002
g_instead_of_kg,"Club Sandwich","PRD-00962 SALT 800G",1,g,,,,204,6006
g_instead_of_kg,"Club Sandwich","PRD-01002 THAI PIECE CHICKEN",200,g,,,,204,7524
g_instead_of_kg,"Club Sandwich","PRD-01010 TOMATO",10,g,,,,204,5997
g_instead_of_kg,"Cold Coffee Caramel","PRD-01198 ICE CUBE",100,g,,,,344,7431
g_instead_of_kg,"Cold Coffee Caramel","PRD-00856 Vanila IceCreem 10L",100,g,,,,344,7432
g_instead_of_kg,"Cold Coffee Caramel","PRD-00796 coffee beans (1kg)",30,g,,,,344,7429
g_instead_of_kg,"Cold Coffee Chocolate","PRD-00785 Chocolate IceCreem 10L",100,g,,,,343,7425
g_instead_of_kg,"Cold Coffee Chocolate","PRD-01198 ICE CUBE",100,g,,,,343,7427
g_instead_of_kg,"Cold Coffee Chocolate","PRD-00796 coffee beans (1kg)",30,g,,,,343,7426
g_instead_of_kg,"Cold Coffee Hazelnuts","PRD-01198 ICE CUBE",100,g,,,,345,7436
g_instead_of_kg,"Cold Coffee Hazelnuts","PRD-00856 Vanila IceCreem 10L",100,g,,,,345,7437
g_instead_of_kg,"Cold Coffee Hazelnuts","PRD-00796 coffee beans (1kg)",30,g,,,,345,7434
g_instead_of_kg,"Creamy Pasta","PRD-00759 Butter",20,g,,,,107,5439
g_instead_of_kg,"Creamy Pasta","PRD-00875 Knorr chicken powder (1kg)",10,g,,,,107,5438
g_instead_of_kg,"Creamy Pasta","PRD-00838 Leason",5,g,,,,107,5435
g_instead_of_kg,"Creamy Pasta","PRD-00907 MILK PACK CREAM",100,g,,,,107,5434
g_instead_of_kg,"Creamy Pasta","PRD-00908 MILK PACK NESTLE (1LITER)",50,g,,,,107,5442
g_instead_of_kg,"Creamy Pasta","PRD-00926 Oregano(500g)",2,g,,,,107,5440
g_instead_of_kg,"Creamy Pasta","PRD-01045 Pasta",100,g,,,,107,5441
g_instead_of_kg,"Creamy Pasta","PRD-00962 SALT 800G",5,g,,,,107,5437
g_instead_of_kg,"Creamy Pasta","PRD-01028 White pepper",3,g,,,,107,5436
g_instead_of_kg,"Creamy Twister","PRD-00748 BLACK PEPPER",4,g,,,,82,5268
g_instead_of_kg,"Creamy Twister","PRD-00720 Fries 2.5kg",40,g,,,,82,5272
g_instead_of_kg,"Creamy Twister","PRD-00857 Iceberg(salad patta)",20,g,,,,82,5265
g_instead_of_kg,"Creamy Twister","PRD-00907 MILK PACK CREAM",15,g,,,,82,5271
g_instead_of_kg,"Creamy Twister","PRD-00954 Real mayo 4KG",25,g,,,,82,5273
g_instead_of_kg,"Creamy Twister","PRD-00962 SALT 800G",1,g,,,,82,5270
g_instead_of_kg,"Creamy Twister","PRD-00768 SHIMLA MIRCH",20,g,,,,82,5267
g_instead_of_kg,"Creamy Twister","PRD-01002 THAI PIECE CHICKEN",80,g,,,,82,5264
g_instead_of_kg,"Creamy Twister","PRD-01010 TOMATO",30,g,,,,82,5266
g_instead_of_kg,"Crisper Chicken Wrap","PRD-00782 CHILLI GARLIC(4KG)",5,g,,,,79,5304
g_instead_of_kg,"Crisper Chicken Wrap","PRD-00720 Fries 2.5kg",40,g,,,,79,5307
g_instead_of_kg,"Crisper Chicken Wrap","PRD-00857 Iceberg(salad patta)",20,g,,,,79,5301
g_instead_of_kg,"Crisper Chicken Wrap","PRD-00877 KNORR KETCHUP 4KG",3,g,,,,79,5308
g_instead_of_kg,"Crisper Chicken Wrap","PRD-00954 Real mayo 4KG",20,g,,,,79,5303
g_instead_of_kg,"Crisper Chicken Wrap","PRD-00768 SHIMLA MIRCH",20,g,,,,79,5306
g_instead_of_kg,"Crisper Chicken Wrap","PRD-01002 THAI PIECE CHICKEN",120,g,,,,79,5300
g_instead_of_kg,"Crisper Chicken Wrap","PRD-01010 TOMATO",30,g,,,,79,5305
g_instead_of_kg,"Crispy Dou Box (6Pcs)","PRD-00748 BLACK PEPPER",1,g,,,,88,5214
g_instead_of_kg,"Crispy Dou Box (6Pcs)","PRD-00778 Chicken chest",180,g,,,,88,5209
g_instead_of_kg,"Crispy Dou Box (6Pcs)","PRD-00780 Chicken wings",100,g,,,,88,5208
g_instead_of_kg,"Crispy Dou Box (6Pcs)","PRD-00720 Fries 2.5kg",130,g,,,,88,5212
g_instead_of_kg,"Crispy Dou Box (6Pcs)","PRD-00877 KNORR KETCHUP 4KG",5,g,,,,88,5215
g_instead_of_kg,"Crispy Dou Box (6Pcs)","PRD-00895 Maida",180,g,,,,88,5210
g_instead_of_kg,"Crispy Dou Box (6Pcs)","PRD-00881 Pizza tabel",180,g,,,,88,5207
g_instead_of_kg,"Crispy Dou Box (6Pcs)","PRD-00954 Real mayo 4KG",30,g,,,,88,5213
g_instead_of_kg,"Crispy Loaded Fries","PRD-00747 Black Olive (3kg)",20,g,,,,208,6070
g_instead_of_kg,"Crispy Loaded Fries","PRD-00720 Fries 2.5kg",360,g,,,,208,6062
g_instead_of_kg,"Crispy Loaded Fries","PRD-00877 KNORR KETCHUP 4KG",10,g,,,,208,6064
g_instead_of_kg,"Crispy Loaded Fries","PRD-00907 MILK PACK CREAM",20,g,,,,208,6066
g_instead_of_kg,"Crispy Loaded Fries","PRD-00915 Mozzarella cheese",80,g,,,,208,6069
g_instead_of_kg,"Crispy Loaded Fries","PRD-00926 Oregano(500g)",3,g,,,,208,6067
g_instead_of_kg,"Crispy Loaded Fries","PRD-00954 Real mayo 4KG",80,g,,,,208,6065
g_instead_of_kg,"Crispy Twister","PRD-00720 Fries 2.5kg",30,g,,,,81,5263
g_instead_of_kg,"Crispy Twister","PRD-00857 Iceberg(salad patta)",15,g,,,,81,5257
g_instead_of_kg,"Crispy Twister","PRD-00907 MILK PACK CREAM",10,g,,,,81,5261
g_instead_of_kg,"Crispy Twister","PRD-00954 Real mayo 4KG",25,g,,,,81,5262
g_instead_of_kg,"Crispy Twister","PRD-00768 SHIMLA MIRCH",20,g,,,,81,5260
g_instead_of_kg,"Crispy Twister","PRD-01002 THAI PIECE CHICKEN",80,g,,,,81,5256
g_instead_of_kg,"Crispy Twister","PRD-01010 TOMATO",30,g,,,,81,5259
g_instead_of_kg,"Crispy Wings (6Pcs)","PRD-00748 BLACK PEPPER",1,g,,,,86,5245
g_instead_of_kg,"Crispy Wings (6Pcs)","PRD-00780 Chicken wings",300,g,,,,86,5240
g_instead_of_kg,"Crispy Wings (6Pcs)","PRD-00720 Fries 2.5kg",130,g,,,,86,5243
g_instead_of_kg,"Crispy Wings (6Pcs)","PRD-00877 KNORR KETCHUP 4KG",5,g,,,,86,5246
g_instead_of_kg,"Crispy Wings (6Pcs)","PRD-00895 Maida",80,g,,,,86,5241
g_instead_of_kg,"Crispy Wings (6Pcs)","PRD-00954 Real mayo 4KG",30,g,,,,86,5244
g_instead_of_kg,"Crispy Zinger Burger","PRD-00748 BLACK PEPPER",3,g,,,,194,5909
g_instead_of_kg,"Crispy Zinger Burger","PRD-00759 Butter",5,g,,,,194,5907
g_instead_of_kg,"Crispy Zinger Burger","PRD-00772 CARROT(GAJER)",10,g,,,,194,5903
g_instead_of_kg,"Crispy Zinger Burger","PRD-00803 CUCUMBER(KHEERA)",15,g,,,,194,5908
g_instead_of_kg,"Crispy Zinger Burger","PRD-00762 Cabbage(band ghobi)",20,g,,,,194,5901
g_instead_of_kg,"Crispy Zinger Burger","PRD-00720 Fries 2.5kg",80,g,,,,194,5906
g_instead_of_kg,"Crispy Zinger Burger","PRD-00857 Iceberg(salad patta)",2,g,,,,194,5911
g_instead_of_kg,"Crispy Zinger Burger","PRD-00877 KNORR KETCHUP 4KG",10,g,,,,194,5904
g_instead_of_kg,"Crispy Zinger Burger","PRD-00954 Real mayo 4KG",50,g,,,,194,5905
g_instead_of_kg,"Crispy Zinger Burger","PRD-00962 SALT 800G",2,g,,,,194,5910
g_instead_of_kg,"Crispy Zinger Burger","PRD-00980 Sriracha sauce",5,g,,,,194,5912
g_instead_of_kg,"Crispy Zinger Burger","PRD-01010 TOMATO",15,g,,,,194,5902
g_instead_of_kg,"Croissant Sandwich","PRD-00759 Butter",5,g,,,,200,6018
g_instead_of_kg,"Croissant Sandwich","PRD-00772 CARROT(GAJER)",10,g,,,,200,6011
g_instead_of_kg,"Croissant Sandwich","PRD-00762 Cabbage(band ghobi)",20,g,,,,200,6010
g_instead_of_kg,"Croissant Sandwich","PRD-00777 Chicken Karahi",120,g,,,,200,6009
g_instead_of_kg,"Croissant Sandwich","PRD-00720 Fries 2.5kg",80,g,,,,200,6015
g_instead_of_kg,"Croissant Sandwich","PRD-00857 Iceberg(salad patta)",20,g,,,,200,6016
g_instead_of_kg,"Croissant Sandwich","PRD-00858 Icing Sugar",2,g,,,,200,6019
g_instead_of_kg,"Croissant Sandwich","PRD-00877 KNORR KETCHUP 4KG",10,g,,,,200,6012
g_instead_of_kg,"Croissant Sandwich","PRD-00915 Mozzarella cheese",20,g,,,,200,6020
g_instead_of_kg,"Croissant Sandwich","PRD-00954 Real mayo 4KG",25,g,,,,200,6013
g_instead_of_kg,"Croissant Sandwich","PRD-00962 SALT 800G",1,g,,,,200,6014
g_instead_of_kg,"Croissant Sandwich","PRD-01010 TOMATO",15,g,,,,200,6017
g_instead_of_kg,"Crown Crust - Pizza (F)","PRD-00846 GREEN CHILLI (SABZ MIRCH)",10,g,,,,140,3356
g_instead_of_kg,"Crown Crust - Pizza (F)","PRD-00882 LEMON (LEMU)",5,g,,,,140,3355
g_instead_of_kg,"Crown Crust - Pizza (F)","PRD-00838 Leason",10,g,,,,140,3354
g_instead_of_kg,"Crown Crust - Pizza (F)","PRD-00895 Maida",380,g,,,,140,3348
g_instead_of_kg,"Crown Crust - Pizza (F)","PRD-00925 Piyaz",20,g,,,,140,3353
g_instead_of_kg,"Crown Crust - Pizza (F)","PRD-00962 SALT 800G",7,g,,,,140,3350
g_instead_of_kg,"Crown Crust - Pizza (F)","PRD-00990 Sugar",10,g,,,,140,3349
g_instead_of_kg,"Crown Crust - Pizza (F)","PRD-01002 THAI PIECE CHICKEN",350,g,,,,140,3346
g_instead_of_kg,"Crown Crust - Pizza (F)","PRD-01036 Yeast(500g)",7,g,,,,140,3352
g_instead_of_kg,"Crown Crust - Pizza (L)","PRD-00747 Black Olive (3kg)",15,g,,,,234,6222
g_instead_of_kg,"Crown Crust - Pizza (L)","PRD-00779 Chicken Tikka Masala(1kg)",10,g,,,,234,6220
g_instead_of_kg,"Crown Crust - Pizza (L)","PRD-00825 Eka_300 Powder(500g)",2,g,,,,234,6224
g_instead_of_kg,"Crown Crust - Pizza (L)","PRD-00827 Everyday Powder(1kg)",8,g,,,,234,6215
g_instead_of_kg,"Crown Crust - Pizza (L)","PRD-00895 Maida",320,g,,,,234,6216
g_instead_of_kg,"Crown Crust - Pizza (L)","PRD-00915 Mozzarella cheese",230,g,,,,234,6223
g_instead_of_kg,"Crown Crust - Pizza (L)","PRD-00925 Piyaz",40,g,,,,234,6218
g_instead_of_kg,"Crown Crust - Pizza (L)","PRD-00962 SALT 800G",5,g,,,,234,6212
g_instead_of_kg,"Crown Crust - Pizza (L)","PRD-00768 SHIMLA MIRCH",40,g,,,,234,6219
g_instead_of_kg,"Crown Crust - Pizza (L)","PRD-00990 Sugar",10,g,,,,234,6217
g_instead_of_kg,"Crown Crust - Pizza (L)","PRD-01002 THAI PIECE CHICKEN",340,g,,,,234,6210
g_instead_of_kg,"Crown Crust - Pizza (L)","PRD-01028 White pepper",2,g,,,,234,6221
g_instead_of_kg,"Crown Crust - Pizza (L)","PRD-01036 Yeast(500g)",6,g,,,,234,6214
g_instead_of_kg,"Crown Crust - Pizza (M)","PRD-00747 Black Olive (3kg)",10,g,,,,239,6319
g_instead_of_kg,"Crown Crust - Pizza (M)","PRD-00825 Eka_300 Powder(500g)",2,g,,,,239,6320
g_instead_of_kg,"Crown Crust - Pizza (M)","PRD-00827 Everyday Powder(1kg)",6,g,,,,239,6313
g_instead_of_kg,"Crown Crust - Pizza (M)","PRD-00907 MILK PACK CREAM",10,g,,,,239,6310
g_instead_of_kg,"Crown Crust - Pizza (M)","PRD-00895 Maida",220,g,,,,239,6309
g_instead_of_kg,"Crown Crust - Pizza (M)","PRD-00915 Mozzarella cheese",150,g,,,,239,6318
g_instead_of_kg,"Crown Crust - Pizza (M)","PRD-00925 Piyaz",25,g,,,,239,6314
g_instead_of_kg,"Crown Crust - Pizza (M)","PRD-00954 Real mayo 4KG",25,g,,,,239,6312
g_instead_of_kg,"Crown Crust - Pizza (M)","PRD-00962 SALT 800G",3,g,,,,239,6315
g_instead_of_kg,"Crown Crust - Pizza (M)","PRD-00990 Sugar",6,g,,,,239,6317
g_instead_of_kg,"Crown Crust - Pizza (M)","PRD-01002 THAI PIECE CHICKEN",250,g,,,,239,7525
g_instead_of_kg,"Crown Crust - Pizza (M)","PRD-01028 White pepper",3,g,,,,239,6308
g_instead_of_kg,"Crown Crust - Pizza (M)","PRD-01036 Yeast(500g)",4,g,,,,239,6316
g_instead_of_kg,"Daal Mash","PRD-00748 BLACK PEPPER",3,g,,,,76,6870
g_instead_of_kg,"Daal Mash","PRD-00759 Butter",20,g,,,,76,6864
g_instead_of_kg,"Daal Mash","PRD-00798 CORIENDER (SABZ DHANYA)",8,g,,,,76,6863
g_instead_of_kg,"Daal Mash","PRD-00837 GARAM MASALAH",3,g,,,,76,6867
g_instead_of_kg,"Daal Mash","PRD-00846 GREEN CHILLI (SABZ MIRCH)",5,g,,,,76,6862
g_instead_of_kg,"Daal Mash","PRD-00907 MILK PACK CREAM",30,g,,,,76,6868
g_instead_of_kg,"Daal Mash","PRD-00925 Piyaz",40,g,,,,76,6860
g_instead_of_kg,"Daal Mash","PRD-00962 SALT 800G",7,g,,,,76,6865
g_instead_of_kg,"Daal Mash","PRD-00961 Safaid zeerah",4,g,,,,76,6866
g_instead_of_kg,"Daal Mash","PRD-01010 TOMATO",40,g,,,,76,6859
g_instead_of_kg,"Daal Mash","PRD-01016 Turmeric Powder(1kg)",1,g,,,,76,6869
g_instead_of_kg,"Daal Mash","PRD-00806 daal maash",120,g,,,,76,6858
g_instead_of_kg,"Desi Murgh Karahi (Per Kg)","PRD-00842 Adrak",20,g,,,,266,4739
g_instead_of_kg,"Desi Murgh Karahi (Per Kg)","PRD-00748 BLACK PEPPER",6,g,,,,266,4746
g_instead_of_kg,"Desi Murgh Karahi (Per Kg)","PRD-00798 CORIENDER (SABZ DHANYA)",30,g,,,,266,4748
g_instead_of_kg,"Desi Murgh Karahi (Per Kg)","PRD-00822 Dried coriander(khushk dhanya)",16,g,,,,266,4744
g_instead_of_kg,"Desi Murgh Karahi (Per Kg)","PRD-00837 GARAM MASALAH",6,g,,,,266,4747
g_instead_of_kg,"Desi Murgh Karahi (Per Kg)","PRD-00846 GREEN CHILLI (SABZ MIRCH)",20,g,,,,266,4741
g_instead_of_kg,"Desi Murgh Karahi (Per Kg)","PRD-00838 Leason",20,g,,,,266,4740
g_instead_of_kg,"Desi Murgh Karahi (Per Kg)","PRD-00925 Piyaz",100,g,,,,266,4736
g_instead_of_kg,"Desi Murgh Karahi (Per Kg)","PRD-00958 Red Chilli(1kg)",10,g,,,,266,4743
g_instead_of_kg,"Desi Murgh Karahi (Per Kg)","PRD-00962 SALT 800G",15,g,,,,266,4742
g_instead_of_kg,"Desi Murgh Karahi (Per Kg)","PRD-00961 Safaid zeerah",6,g,,,,266,4745
g_instead_of_kg,"Desi Murgh Karahi (Per Kg)","PRD-01010 TOMATO",200,g,,,,266,4735
g_instead_of_kg,"Desi Murgh Karahi (Per Kg)","PRD-01041 Yogurt",120,g,,,,266,4737
g_instead_of_kg,"Donner Pizza - Pizza (F)","PRD-00748 BLACK PEPPER",5,g,,,,145,3400
g_instead_of_kg,"Donner Pizza - Pizza (F)","PRD-00907 MILK PACK CREAM",10,g,,,,145,3399
g_instead_of_kg,"Donner Pizza - Pizza (F)","PRD-00895 Maida",380,g,,,,145,3391
g_instead_of_kg,"Donner Pizza - Pizza (F)","PRD-00925 Piyaz",60,g,,,,145,3396
g_instead_of_kg,"Donner Pizza - Pizza (F)","PRD-00954 Real mayo 4KG",25,g,,,,145,3398
g_instead_of_kg,"Donner Pizza - Pizza (F)","PRD-00962 SALT 800G",7,g,,,,145,3393
g_instead_of_kg,"Donner Pizza - Pizza (F)","PRD-00990 Sugar",10,g,,,,145,3394
g_instead_of_kg,"Donner Pizza - Pizza (F)","PRD-01002 THAI PIECE CHICKEN",450,g,,,,145,7526
g_instead_of_kg,"Donner Pizza - Pizza (F)","PRD-01010 TOMATO",50,g,,,,145,3397
g_instead_of_kg,"Donner Pizza - Pizza (F)","PRD-01036 Yeast(500g)",7,g,,,,145,3395
g_instead_of_kg,"Donner Pizza - Pizza (L)","PRD-00748 BLACK PEPPER",5,g,,,,327,7108
g_instead_of_kg,"Donner Pizza - Pizza (L)","PRD-00747 Black Olive (3kg)",5,g,,,,327,7109
g_instead_of_kg,"Donner Pizza - Pizza (L)","PRD-00825 Eka_300 Powder(500g)",2,g,,,,327,7097
g_instead_of_kg,"Donner Pizza - Pizza (L)","PRD-00827 Everyday Powder(1kg)",12,g,,,,327,7096
g_instead_of_kg,"Donner Pizza - Pizza (L)","PRD-00860 Jalapeno",30,g,,,,327,7105
g_instead_of_kg,"Donner Pizza - Pizza (L)","PRD-00877 KNORR KETCHUP 4KG",15,g,,,,327,7107
g_instead_of_kg,"Donner Pizza - Pizza (L)","PRD-00895 Maida",220,g,,,,327,7094
g_instead_of_kg,"Donner Pizza - Pizza (L)","PRD-00915 Mozzarella cheese",340,g,,,,327,7099
g_instead_of_kg,"Donner Pizza - Pizza (L)","PRD-00925 Piyaz",50,g,,,,327,7103
g_instead_of_kg,"Donner Pizza - Pizza (L)","PRD-00954 Real mayo 4KG",30,g,,,,327,7106
g_instead_of_kg,"Donner Pizza - Pizza (L)","PRD-00962 SALT 800G",5,g,,,,327,7101
g_instead_of_kg,"Donner Pizza - Pizza (L)","PRD-00990 Sugar",8,g,,,,327,7102
g_instead_of_kg,"Donner Pizza - Pizza (L)","PRD-01002 THAI PIECE CHICKEN",320,g,,,,327,7100
g_instead_of_kg,"Donner Pizza - Pizza (L)","PRD-01010 TOMATO",50,g,,,,327,7104
g_instead_of_kg,"Donner Pizza - Pizza (L)","PRD-01036 Yeast(500g)",6,g,,,,327,7098
g_instead_of_kg,"Donner Pizza - Pizza (M)","PRD-00748 BLACK PEPPER",3,g,,,,241,6339
g_instead_of_kg,"Donner Pizza - Pizza (M)","PRD-00825 Eka_300 Powder(500g)",1,g,,,,241,6347
g_instead_of_kg,"Donner Pizza - Pizza (M)","PRD-00827 Everyday Powder(1kg)",6,g,,,,241,6338
g_instead_of_kg,"Donner Pizza - Pizza (M)","PRD-00860 Jalapeno",15,g,,,,241,6349
g_instead_of_kg,"Donner Pizza - Pizza (M)","PRD-00877 KNORR KETCHUP 4KG",10,g,,,,241,6337
g_instead_of_kg,"Donner Pizza - Pizza (M)","PRD-00895 Maida",220,g,,,,241,6340
g_instead_of_kg,"Donner Pizza - Pizza (M)","PRD-00915 Mozzarella cheese",120,g,,,,241,6348
g_instead_of_kg,"Donner Pizza - Pizza (M)","PRD-00925 Piyaz",25,g,,,,241,6343
g_instead_of_kg,"Donner Pizza - Pizza (M)","PRD-00954 Real mayo 4KG",25,g,,,,241,6335
g_instead_of_kg,"Donner Pizza - Pizza (M)","PRD-00962 SALT 800G",3,g,,,,241,6346
g_instead_of_kg,"Donner Pizza - Pizza (M)","PRD-00990 Sugar",6,g,,,,241,6345
g_instead_of_kg,"Donner Pizza - Pizza (M)","PRD-01002 THAI PIECE CHICKEN",230,g,,,,241,6334
g_instead_of_kg,"Donner Pizza - Pizza (M)","PRD-01010 TOMATO",30,g,,,,241,6341
g_instead_of_kg,"Donner Pizza - Pizza (M)","PRD-01036 Yeast(500g)",4,g,,,,241,6344
g_instead_of_kg,"Dragon Noodle","PRD-00751 BONE LESS CHICKEN",150,g,,,,230,6146
g_instead_of_kg,"Dragon Noodle","PRD-00772 CARROT(GAJER)",70,g,,,,230,6149
g_instead_of_kg,"Dragon Noodle","PRD-00762 Cabbage(band ghobi)",80,g,,,,230,6150
g_instead_of_kg,"Dragon Noodle","PRD-00848 Green onion",50,g,,,,230,6152
g_instead_of_kg,"Dragon Noodle","PRD-00877 KNORR KETCHUP 4KG",70,g,,,,230,6151
g_instead_of_kg,"Dragon Noodle","PRD-00875 Knorr chicken powder (1kg)",18,g,,,,230,6155
g_instead_of_kg,"Dragon Noodle","PRD-00838 Leason",10,g,,,,230,6158
g_instead_of_kg,"Dragon Noodle","PRD-00895 Maida",100,g,,,,230,6148
g_instead_of_kg,"Dragon Noodle","PRD-00958 Red Chilli(1kg)",30,g,,,,230,6153
g_instead_of_kg,"Dragon Noodle","PRD-00962 SALT 800G",4,g,,,,230,6154
g_instead_of_kg,"Dragon Noodle","PRD-00987 SUFAID TIL",10,g,,,,230,6156
g_instead_of_kg,"Drum Sticks (6Pcs)","PRD-00748 BLACK PEPPER",5,g,,,,114,3041
g_instead_of_kg,"Drum Sticks (6Pcs)","PRD-00736 Baking Powder(4.5kg)",3,g,,,,114,3044
g_instead_of_kg,"Drum Sticks (6Pcs)","PRD-00799 Corn Floor",10,g,,,,114,3037
g_instead_of_kg,"Drum Sticks (6Pcs)","PRD-00802 Crushed chilli(dara mirch)",5,g,,,,114,3038
g_instead_of_kg,"Drum Sticks (6Pcs)","PRD-00823 DRUM STICK CHICKEN",500,g,,,,114,3034
g_instead_of_kg,"Drum Sticks (6Pcs)","PRD-00846 GREEN CHILLI (SABZ MIRCH)",10,g,,,,114,3043
g_instead_of_kg,"Drum Sticks (6Pcs)","PRD-00875 Knorr chicken powder (1kg)",5,g,,,,114,3040
g_instead_of_kg,"Drum Sticks (6Pcs)","PRD-00895 Maida",10,g,,,,114,3036
g_instead_of_kg,"Drum Sticks (6Pcs)","PRD-00925 Piyaz",60,g,,,,114,3042
g_instead_of_kg,"Drum Sticks (6Pcs)","PRD-00962 SALT 800G",3,g,,,,114,3039
g_instead_of_kg,"Egg Fried Rice","PRD-00739 BASPATI RICE",300,g,,,,222,4217
g_instead_of_kg,"Egg Fried Rice","PRD-00748 BLACK PEPPER",3,g,,,,222,4226
g_instead_of_kg,"Egg Fried Rice","PRD-00772 CARROT(GAJER)",80,g,,,,222,4219
g_instead_of_kg,"Egg Fried Rice","PRD-00848 Green onion",50,g,,,,222,4221
g_instead_of_kg,"Egg Fried Rice","PRD-00875 Knorr chicken powder (1kg)",10,g,,,,222,4224
g_instead_of_kg,"Egg Fried Rice","PRD-00962 SALT 800G",8,g,,,,222,4223
g_instead_of_kg,"Egg Fried Rice","PRD-00768 SHIMLA MIRCH",60,g,,,,222,4220
g_instead_of_kg,"Egg Fried Rice","PRD-01028 White pepper",3,g,,,,222,4225
g_instead_of_kg,"Fettuccine Alfredo Pasta","PRD-00751 BONE LESS CHICKEN",100,g,,,,106,5425
g_instead_of_kg,"Fettuccine Alfredo Pasta","PRD-00759 Butter",35,g,,,,106,5426
g_instead_of_kg,"Fettuccine Alfredo Pasta","PRD-00838 Leason",5,g,,,,106,5427
g_instead_of_kg,"Fettuccine Alfredo Pasta","PRD-00907 MILK PACK CREAM",100,g,,,,106,5428
g_instead_of_kg,"Fettuccine Alfredo Pasta","PRD-00915 Mozzarella cheese",30,g,,,,106,5433
g_instead_of_kg,"Fettuccine Alfredo Pasta","PRD-00926 Oregano(500g)",1,g,,,,106,5431
g_instead_of_kg,"Fettuccine Alfredo Pasta","PRD-01045 Pasta",100,g,,,,106,5432
g_instead_of_kg,"Fettuccine Alfredo Pasta","PRD-00962 SALT 800G",2,g,,,,106,5429
g_instead_of_kg,"Fettuccine Alfredo Pasta","PRD-01028 White pepper",2,g,,,,106,5430
g_instead_of_kg,"Finger Fish (10Pcs)","PRD-00723 AJWAIN",80,g,,,,112,7330
g_instead_of_kg,"Finger Fish (10Pcs)","PRD-00752 Bread Crumbs(1kg)",60,g,,,,112,7322
g_instead_of_kg,"Finger Fish (10Pcs)","PRD-00799 Corn Floor",40,g,,,,112,7323
g_instead_of_kg,"Finger Fish (10Pcs)","PRD-00802 Crushed chilli(dara mirch)",5,g,,,,112,7325
g_instead_of_kg,"Finger Fish (10Pcs)","PRD-00833 FISH(MACHLI)",300,g,,,,112,7320
g_instead_of_kg,"Finger Fish (10Pcs)","PRD-00720 Fries 2.5kg",80,g,,,,112,7331
g_instead_of_kg,"Finger Fish (10Pcs)","PRD-00875 Knorr chicken powder (1kg)",2,g,,,,112,7327
g_instead_of_kg,"Finger Fish (10Pcs)","PRD-00885 LIME SEASONING knorr 400G",10,g,,,,112,7333
g_instead_of_kg,"Finger Fish (10Pcs)","PRD-00838 Leason",5,g,,,,112,7329
g_instead_of_kg,"Finger Fish (10Pcs)","PRD-00895 Maida",40,g,,,,112,7324
g_instead_of_kg,"Finger Fish (10Pcs)","PRD-00958 Red Chilli(1kg)",5,g,,,,112,7328
g_instead_of_kg,"Finger Fish (10Pcs)","PRD-00962 SALT 800G",2,g,,,,112,7326
g_instead_of_kg,"Fish ""D"" Cheese","PRD-00739 BASPATI RICE",70,g,,,,292,6734
g_instead_of_kg,"Fish ""D"" Cheese","PRD-00759 Butter",15,g,,,,292,6735
g_instead_of_kg,"Fish ""D"" Cheese","PRD-00772 CARROT(GAJER)",10,g,,,,292,6741
g_instead_of_kg,"Fish ""D"" Cheese","PRD-00833 FISH(MACHLI)",350,g,,,,292,6733
g_instead_of_kg,"Fish ""D"" Cheese","PRD-00875 Knorr chicken powder (1kg)",3,g,,,,292,6738
g_instead_of_kg,"Fish ""D"" Cheese","PRD-00838 Leason",10,g,,,,292,6736
g_instead_of_kg,"Fish ""D"" Cheese","PRD-00907 MILK PACK CREAM",100,g,,,,292,6739
g_instead_of_kg,"Fish ""D"" Cheese","PRD-00908 MILK PACK NESTLE (1LITER)",100,g,,,,292,6740
g_instead_of_kg,"Fish ""D"" Cheese","PRD-00917 MUSTARD PASTE 3KG",10,g,,,,292,6745
g_instead_of_kg,"Fish ""D"" Cheese","PRD-00915 Mozzarella cheese",100,g,,,,292,6744
g_instead_of_kg,"Fish ""D"" Cheese","PRD-00962 SALT 800G",1,g,,,,292,6737
g_instead_of_kg,"Fish ""D"" Cheese","PRD-00768 SHIMLA MIRCH",5,g,,,,292,6743
g_instead_of_kg,"Fish ""D"" Lavoo","PRD-00739 BASPATI RICE",70,g,,,,295,6725
g_instead_of_kg,"Fish ""D"" Lavoo","PRD-00748 BLACK PEPPER",3,g,,,,295,6727
g_instead_of_kg,"Fish ""D"" Lavoo","PRD-00759 Butter",30,g,,,,295,6719
g_instead_of_kg,"Fish ""D"" Lavoo","PRD-00772 CARROT(GAJER)",10,g,,,,295,6729
g_instead_of_kg,"Fish ""D"" Lavoo","PRD-00833 FISH(MACHLI)",300,g,,,,295,6717
g_instead_of_kg,"Fish ""D"" Lavoo","PRD-00882 LEMON (LEMU)",15,g,,,,295,6718
g_instead_of_kg,"Fish ""D"" Lavoo","PRD-00838 Leason",10,g,,,,295,6723
g_instead_of_kg,"Fish ""D"" Lavoo","PRD-00907 MILK PACK CREAM",100,g,,,,295,6720
g_instead_of_kg,"Fish ""D"" Lavoo","PRD-00908 MILK PACK NESTLE (1LITER)",100,g,,,,295,6721
g_instead_of_kg,"Fish ""D"" Lavoo","PRD-00915 Mozzarella cheese",50,g,,,,295,6732
g_instead_of_kg,"Fish ""D"" Lavoo","PRD-00926 Oregano(500g)",2,g,,,,295,6722
g_instead_of_kg,"Fish ""D"" Lavoo","PRD-00962 SALT 800G",2,g,,,,295,6726
g_instead_of_kg,"Fish ""D"" Lavoo","PRD-00768 SHIMLA MIRCH",5,g,,,,295,6731
g_instead_of_kg,"Fish ""D"" Lavoo","PRD-01028 White pepper",4,g,,,,295,6728
g_instead_of_kg,"Fish Tarragon","PRD-00739 BASPATI RICE",70,g,,,,293,5000
g_instead_of_kg,"Fish Tarragon","PRD-00759 Butter",15,g,,,,293,5001
g_instead_of_kg,"Fish Tarragon","PRD-00772 CARROT(GAJER)",10,g,,,,293,5011
g_instead_of_kg,"Fish Tarragon","PRD-00802 Crushed chilli(dara mirch)",2,g,,,,293,5006
g_instead_of_kg,"Fish Tarragon","PRD-00833 FISH(MACHLI)",300,g,,,,293,4999
g_instead_of_kg,"Fish Tarragon","PRD-00875 Knorr chicken powder (1kg)",5,g,,,,293,5008
g_instead_of_kg,"Fish Tarragon","PRD-00882 LEMON (LEMU)",10,g,,,,293,5010
g_instead_of_kg,"Fish Tarragon","PRD-00838 Leason",10,g,,,,293,5003
g_instead_of_kg,"Fish Tarragon","PRD-00907 MILK PACK CREAM",100,g,,,,293,5005
g_instead_of_kg,"Fish Tarragon","PRD-00908 MILK PACK NESTLE (1LITER)",100,g,,,,293,5004
g_instead_of_kg,"Fish Tarragon","PRD-00962 SALT 800G",1,g,,,,293,5007
g_instead_of_kg,"Fish Tarragon","PRD-00768 SHIMLA MIRCH",5,g,,,,293,5013
g_instead_of_kg,"Fish Tarragon","PRD-01028 White pepper",4,g,,,,293,5009
g_instead_of_kg,"Fish Tikka (8Pcs)","PRD-00723 AJWAIN",5,g,,,,168,5663
g_instead_of_kg,"Fish Tikka (8Pcs)","PRD-00748 BLACK PEPPER",10,g,,,,168,5669
g_instead_of_kg,"Fish Tikka (8Pcs)","PRD-00822 Dried coriander(khushk dhanya)",5,g,,,,168,5664
g_instead_of_kg,"Fish Tikka (8Pcs)","PRD-00833 FISH(MACHLI)",650,g,,,,168,5661
g_instead_of_kg,"Fish Tikka (8Pcs)","PRD-00835 Food colour",2,g,,,,168,5671
g_instead_of_kg,"Fish Tikka (8Pcs)","PRD-00846 GREEN CHILLI (SABZ MIRCH)",10,g,,,,168,5667
g_instead_of_kg,"Fish Tikka (8Pcs)","PRD-00838 Leason",10,g,,,,168,5662
g_instead_of_kg,"Fish Tikka (8Pcs)","PRD-00917 MUSTARD PASTE 3KG",5,g,,,,168,5672
g_instead_of_kg,"Fish Tikka (8Pcs)","PRD-00962 SALT 800G",5,g,,,,168,5666
g_instead_of_kg,"Fish Tikka (8Pcs)","PRD-00961 Safaid zeerah",10,g,,,,168,5665
g_instead_of_kg,"Fish Tikka (8Pcs)","PRD-01028 White pepper",15,g,,,,168,5670
g_instead_of_kg,"Fish Tikka Namkeen (8Pcs)","PRD-00723 AJWAIN",5,g,,,,167,5651
g_instead_of_kg,"Fish Tikka Namkeen (8Pcs)","PRD-00748 BLACK PEPPER",10,g,,,,167,5654
g_instead_of_kg,"Fish Tikka Namkeen (8Pcs)","PRD-00822 Dried coriander(khushk dhanya)",12,g,,,,167,5652
g_instead_of_kg,"Fish Tikka Namkeen (8Pcs)","PRD-00833 FISH(MACHLI)",650,g,,,,167,5649
g_instead_of_kg,"Fish Tikka Namkeen (8Pcs)","PRD-00846 GREEN CHILLI (SABZ MIRCH)",10,g,,,,167,5659
g_instead_of_kg,"Fish Tikka Namkeen (8Pcs)","PRD-00838 Leason",10,g,,,,167,5650
g_instead_of_kg,"Fish Tikka Namkeen (8Pcs)","PRD-00917 MUSTARD PASTE 3KG",2,g,,,,167,5660
g_instead_of_kg,"Fish Tikka Namkeen (8Pcs)","PRD-00925 Piyaz",15,g,,,,167,5658
g_instead_of_kg,"Fish Tikka Namkeen (8Pcs)","PRD-00768 SHIMLA MIRCH",15,g,,,,167,5657
g_instead_of_kg,"Fish Tikka Namkeen (8Pcs)","PRD-00961 Safaid zeerah",10,g,,,,167,5653
g_instead_of_kg,"Fish Tikka Namkeen (8Pcs)","PRD-01010 TOMATO",15,g,,,,167,5656
g_instead_of_kg,"Fish Tikka Namkeen (8Pcs)","PRD-01028 White pepper",15,g,,,,167,5655
g_instead_of_kg,"French Fries","PRD-00775 Chaat masala",3,g,,,,205,4061
g_instead_of_kg,"French Fries","PRD-00720 Fries 2.5kg",360,g,,,,205,4060
g_instead_of_kg,"Fresh Green Salad","PRD-00803 CUCUMBER(KHEERA)",150,g,,,,290,4969
g_instead_of_kg,"Fresh Green Salad","PRD-00762 Cabbage(band ghobi)",10,g,,,,290,4975
g_instead_of_kg,"Fresh Green Salad","PRD-00846 GREEN CHILLI (SABZ MIRCH)",10,g,,,,290,4972
g_instead_of_kg,"Fresh Green Salad","PRD-00882 LEMON (LEMU)",10,g,,,,290,4974
g_instead_of_kg,"Fresh Green Salad","PRD-00925 Piyaz",100,g,,,,290,4971
g_instead_of_kg,"Fresh Green Salad","PRD-01010 TOMATO",120,g,,,,290,4970
g_instead_of_kg,"Fresh Green Salad","PRD-00743 chakander",20,g,,,,290,4973
g_instead_of_kg,"Fried Chicken (6Pcs)","PRD-00748 BLACK PEPPER",1,g,,,,85,5253
g_instead_of_kg,"Fried Chicken (6Pcs)","PRD-00778 Chicken chest",180,g,,,,85,5247
g_instead_of_kg,"Fried Chicken (6Pcs)","PRD-00720 Fries 2.5kg",130,g,,,,85,5254
g_instead_of_kg,"Fried Chicken (6Pcs)","PRD-00877 KNORR KETCHUP 4KG",5,g,,,,85,5255
g_instead_of_kg,"Fried Chicken (6Pcs)","PRD-00895 Maida",80,g,,,,85,5249
g_instead_of_kg,"Fried Chicken (6Pcs)","PRD-00881 Pizza tabel",240,g,,,,85,5248
g_instead_of_kg,"Fried Chicken (6Pcs)","PRD-00954 Real mayo 4KG",30,g,,,,85,5251
g_instead_of_kg,"Fried Chicken (6Pcs)","PRD-00962 SALT 800G",1,g,,,,85,5252
g_instead_of_kg,"Fried Fish (2Pcs)","PRD-00723 AJWAIN",2,g,,,,113,7343
g_instead_of_kg,"Fried Fish (2Pcs)","PRD-00752 Bread Crumbs(1kg)",30,g,,,,113,7336
g_instead_of_kg,"Fried Fish (2Pcs)","PRD-00799 Corn Floor",10,g,,,,113,7337
g_instead_of_kg,"Fried Fish (2Pcs)","PRD-00802 Crushed chilli(dara mirch)",3,g,,,,113,7339
g_instead_of_kg,"Fried Fish (2Pcs)","PRD-00833 FISH(MACHLI)",350,g,,,,113,7334
g_instead_of_kg,"Fried Fish (2Pcs)","PRD-00720 Fries 2.5kg",80,g,,,,113,7345
g_instead_of_kg,"Fried Fish (2Pcs)","PRD-00885 LIME SEASONING knorr 400G",5,g,,,,113,7346
g_instead_of_kg,"Fried Fish (2Pcs)","PRD-00838 Leason",5,g,,,,113,7342
g_instead_of_kg,"Fried Fish (2Pcs)","PRD-00895 Maida",10,g,,,,113,7338
g_instead_of_kg,"Fried Fish (2Pcs)","PRD-00958 Red Chilli(1kg)",3,g,,,,113,7341
g_instead_of_kg,"Fried Fish (2Pcs)","PRD-00962 SALT 800G",2,g,,,,113,7340
g_instead_of_kg,"Fried Prawn (6Pcs)","PRD-00752 Bread Crumbs(1kg)",70,g,,,,111,7358
g_instead_of_kg,"Fried Prawn (6Pcs)","PRD-00875 Knorr chicken powder (1kg)",5,g,,,,111,7357
g_instead_of_kg,"Fried Prawn (6Pcs)","PRD-00947 PRAWNS",400,g,,,,111,7354
g_instead_of_kg,"Fried Prawn (6Pcs)","PRD-00962 SALT 800G",2,g,,,,111,7355
g_instead_of_kg,"Fried Prawn (6Pcs)","PRD-01028 White pepper",2,g,,,,111,7356
g_instead_of_kg,"Fried Wings (6Pcs)","PRD-00802 Crushed chilli(dara mirch)",5,g,,,,311,5229
g_instead_of_kg,"Fried Wings (6Pcs)","PRD-00720 Fries 2.5kg",120,g,,,,311,5239
g_instead_of_kg,"Fried Wings (6Pcs)","PRD-00877 KNORR KETCHUP 4KG",10,g,,,,311,5235
g_instead_of_kg,"Fried Wings (6Pcs)","PRD-00875 Knorr chicken powder (1kg)",8,g,,,,311,5231
g_instead_of_kg,"Fried Wings (6Pcs)","PRD-00838 Leason",5,g,,,,311,5233
g_instead_of_kg,"Fried Wings (6Pcs)","PRD-00895 Maida",40,g,,,,311,5228
g_instead_of_kg,"Fried Wings (6Pcs)","PRD-00962 SALT 800G",3,g,,,,311,5230
g_instead_of_kg,"Fried Wings (6Pcs)","PRD-00987 SUFAID TIL",2,g,,,,311,5238
g_instead_of_kg,"Fried Wings (6Pcs)","PRD-00990 Sugar",8,g,,,,311,5232
g_instead_of_kg,"Fruit Chiller (Mango, Strawberry) (Large)","PRD-00749 Black salt",3,g,,,,349,7449
g_instead_of_kg,"Fruit Chiller (Mango, Strawberry) (Large)","PRD-00882 LEMON (LEMU)",5,g,,,,349,7450
g_instead_of_kg,"Fruit Chiller (Mango, Strawberry) (Large)","PRD-00990 Sugar",10,g,,,,349,7451
g_instead_of_kg,"Fruit Trifle","PRD-00725 ALMOND",18,g,,,,352,7465
g_instead_of_kg,"Fruit Trifle","PRD-00790 Cocktail mixfruit(2800g)",125,g,,,,352,7464
g_instead_of_kg,"Fruit Trifle","PRD-00990 Sugar",85,g,,,,352,7463
g_instead_of_kg,"Garlic Bread (6Pcs)","PRD-00759 Butter",30,g,,,,182,5828
g_instead_of_kg,"Garlic Bread (6Pcs)","PRD-00838 Leason",20,g,,,,182,5829
g_instead_of_kg,"Garlic Bread (6Pcs)","PRD-00962 SALT 800G",3,g,,,,182,5830
g_instead_of_kg,"Garlic Chicken (Family)","PRD-00748 BLACK PEPPER",5,g,,,,315,5724
g_instead_of_kg,"Garlic Chicken (Family)","PRD-00751 BONE LESS CHICKEN",450,g,,,,315,5713
g_instead_of_kg,"Garlic Chicken (Family)","PRD-00799 Corn Floor",25,g,,,,315,5719
g_instead_of_kg,"Garlic Chicken (Family)","PRD-00846 GREEN CHILLI (SABZ MIRCH)",20,g,,,,315,5720
g_instead_of_kg,"Garlic Chicken (Family)","PRD-00875 Knorr chicken powder (1kg)",15,g,,,,315,5717
g_instead_of_kg,"Garlic Chicken (Family)","PRD-00838 Leason",50,g,,,,315,5714
g_instead_of_kg,"Garlic Chicken (Family)","PRD-00928 OYSTER SAUCE(4.2 kg)",15,g,,,,315,5718
g_instead_of_kg,"Garlic Chicken (Family)","PRD-00958 Red Chilli(1kg)",5,g,,,,315,5721
g_instead_of_kg,"Garlic Chicken (Family)","PRD-00962 SALT 800G",5,g,,,,315,5716
g_instead_of_kg,"Garlic Chicken (Family)","PRD-00990 Sugar",10,g,,,,315,5722
g_instead_of_kg,"Garlic Chicken (Family)","PRD-01028 White pepper",5,g,,,,315,5723
g_instead_of_kg,"Garlic Chicken (Single)","PRD-00751 BONE LESS CHICKEN",120,g,,,,125,3158
g_instead_of_kg,"Garlic Chicken (Single)","PRD-00799 Corn Floor",6,g,,,,125,3163
g_instead_of_kg,"Garlic Chicken (Single)","PRD-00846 GREEN CHILLI (SABZ MIRCH)",3,g,,,,125,3164
g_instead_of_kg,"Garlic Chicken (Single)","PRD-00875 Knorr chicken powder (1kg)",8,g,,,,125,3162
g_instead_of_kg,"Garlic Chicken (Single)","PRD-00838 Leason",12,g,,,,125,3159
g_instead_of_kg,"Garlic Chicken (Single)","PRD-00958 Red Chilli(1kg)",2,g,,,,125,3165
g_instead_of_kg,"Garlic Chicken (Single)","PRD-00962 SALT 800G",3,g,,,,125,3161
g_instead_of_kg,"Garlic Chicken (Single)","PRD-00990 Sugar",4,g,,,,125,3166
g_instead_of_kg,"Garlic Fish (Family)","PRD-00748 BLACK PEPPER",3,g,,,,317,5748
g_instead_of_kg,"Garlic Fish (Family)","PRD-00799 Corn Floor",25,g,,,,317,5744
g_instead_of_kg,"Garlic Fish (Family)","PRD-00833 FISH(MACHLI)",450,g,,,,317,5740
g_instead_of_kg,"Garlic Fish (Family)","PRD-00846 GREEN CHILLI (SABZ MIRCH)",6,g,,,,317,5742
g_instead_of_kg,"Garlic Fish (Family)","PRD-00875 Knorr chicken powder (1kg)",15,g,,,,317,5747
g_instead_of_kg,"Garlic Fish (Family)","PRD-00838 Leason",50,g,,,,317,5741
g_instead_of_kg,"Garlic Fish (Family)","PRD-00928 OYSTER SAUCE(4.2 kg)",15,g,,,,317,5743
g_instead_of_kg,"Garlic Fish (Family)","PRD-00958 Red Chilli(1kg)",5,g,,,,317,5745
g_instead_of_kg,"Garlic Fish (Family)","PRD-00962 SALT 800G",5,g,,,,317,5746
g_instead_of_kg,"Garlic Fish (Family)","PRD-00990 Sugar",10,g,,,,317,5750
g_instead_of_kg,"Garlic Fish (Family)","PRD-01028 White pepper",5,g,,,,317,5749
g_instead_of_kg,"Garlic Fish (Single)","PRD-00748 BLACK PEPPER",3,g,,,,122,3134
g_instead_of_kg,"Garlic Fish (Single)","PRD-00799 Corn Floor",5,g,,,,122,3136
g_instead_of_kg,"Garlic Fish (Single)","PRD-00833 FISH(MACHLI)",130,g,,,,122,3126
g_instead_of_kg,"Garlic Fish (Single)","PRD-00846 GREEN CHILLI (SABZ MIRCH)",3,g,,,,122,3129
g_instead_of_kg,"Garlic Fish (Single)","PRD-00875 Knorr chicken powder (1kg)",4,g,,,,122,3133
g_instead_of_kg,"Garlic Fish (Single)","PRD-00838 Leason",10,g,,,,122,3127
g_instead_of_kg,"Garlic Fish (Single)","PRD-00958 Red Chilli(1kg)",3,g,,,,122,3131
g_instead_of_kg,"Garlic Fish (Single)","PRD-00962 SALT 800G",2,g,,,,122,3132
g_instead_of_kg,"Garlic Fish (Single)","PRD-00990 Sugar",6,g,,,,122,3130
g_instead_of_kg,"Garlic Fish (Single)","PRD-01028 White pepper",3,g,,,,122,3135
g_instead_of_kg,"Garlic Naan","PRD-00798 CORIENDER (SABZ DHANYA)",10,g,,,,69,6918
g_instead_of_kg,"Garlic Naan","PRD-00830 FINE 20KG",80,g,,,,69,6913
g_instead_of_kg,"Garlic Naan","PRD-00838 Leason",15,g,,,,69,6919
g_instead_of_kg,"Garlic Naan","PRD-00962 SALT 800G",1,g,,,,69,6916
g_instead_of_kg,"Garlic Naan","PRD-00990 Sugar",1.5,g,,,,69,6915
g_instead_of_kg,"Garlic Naan","PRD-01036 Yeast(500g)",1.5,g,,,,69,6914
g_instead_of_kg,"Garlic Naan","PRD-01041 Yogurt",10,g,,,,69,6917
g_instead_of_kg,"Garlic Rice","PRD-00739 BASPATI RICE",300,g,,,,225,4250
g_instead_of_kg,"Garlic Rice","PRD-00748 BLACK PEPPER",3,g,,,,225,4257
g_instead_of_kg,"Garlic Rice","PRD-00848 Green onion",60,g,,,,225,4253
g_instead_of_kg,"Garlic Rice","PRD-00875 Knorr chicken powder (1kg)",10,g,,,,225,4252
g_instead_of_kg,"Garlic Rice","PRD-00838 Leason",20,g,,,,225,4251
g_instead_of_kg,"Garlic Rice","PRD-00962 SALT 800G",8,g,,,,225,4255
g_instead_of_kg,"Garlic Rice","PRD-01028 White pepper",3,g,,,,225,4256
g_instead_of_kg,"Gola Kebab (4Pcs)","PRD-00842 Adrak",6,g,,,,149,3431
g_instead_of_kg,"Gola Kebab (4Pcs)","PRD-00748 BLACK PEPPER",2,g,,,,149,3434
g_instead_of_kg,"Gola Kebab (4Pcs)","PRD-00798 CORIENDER (SABZ DHANYA)",10,g,,,,149,3436
g_instead_of_kg,"Gola Kebab (4Pcs)","PRD-00837 GARAM MASALAH",3,g,,,,149,3435
g_instead_of_kg,"Gola Kebab (4Pcs)","PRD-00846 GREEN CHILLI (SABZ MIRCH)",7,g,,,,149,3432
g_instead_of_kg,"Gola Kebab (4Pcs)","PRD-00859 JAIFEL",1,g,,,,149,3437
g_instead_of_kg,"Gola Kebab (4Pcs)","PRD-00861 JALWATRI",1,g,,,,149,3438
g_instead_of_kg,"Gola Kebab (4Pcs)","PRD-00838 Leason",6,g,,,,149,3430
g_instead_of_kg,"Gola Kebab (4Pcs)","PRD-00919 Mutton(Charbi)",30,g,,,,149,3433
g_instead_of_kg,"Gola Kebab (4Pcs)","PRD-00925 Piyaz",40,g,,,,149,3429
g_instead_of_kg,"Gola Kebab (4Pcs)","PRD-01002 THAI PIECE CHICKEN",300,g,,,,149,3428
g_instead_of_kg,"Greek Salad","PRD-00748 BLACK PEPPER",2,g,,,,286,4944
g_instead_of_kg,"Greek Salad","PRD-00751 BONE LESS CHICKEN",120,g,,,,286,4942
g_instead_of_kg,"Greek Salad","PRD-00803 CUCUMBER(KHEERA)",50,g,,,,286,4941
g_instead_of_kg,"Greek Salad","PRD-00857 Iceberg(salad patta)",80,g,,,,286,4939
g_instead_of_kg,"Greek Salad","PRD-00882 LEMON (LEMU)",5,g,,,,286,4945
g_instead_of_kg,"Greek Salad","PRD-00926 Oregano(500g)",2,g,,,,286,4946
g_instead_of_kg,"Greek Salad","PRD-00962 SALT 800G",3,g,,,,286,4943
g_instead_of_kg,"Greek Salad","PRD-01010 TOMATO",40,g,,,,286,4940
g_instead_of_kg,"Grill Thrill Burger","PRD-00751 BONE LESS CHICKEN",250,g,,,,199,5974
g_instead_of_kg,"Grill Thrill Burger","PRD-00772 CARROT(GAJER)",10,g,,,,199,5976
g_instead_of_kg,"Grill Thrill Burger","PRD-00762 Cabbage(band ghobi)",20,g,,,,199,5975
g_instead_of_kg,"Grill Thrill Burger","PRD-00720 Fries 2.5kg",80,g,,,,199,5981
g_instead_of_kg,"Grill Thrill Burger","PRD-00857 Iceberg(salad patta)",15,g,,,,199,5980
g_instead_of_kg,"Grill Thrill Burger","PRD-00858 Icing Sugar",5,g,,,,199,5982
g_instead_of_kg,"Grill Thrill Burger","PRD-00877 KNORR KETCHUP 4KG",10,g,,,,199,5977
g_instead_of_kg,"Grill Thrill Burger","PRD-00954 Real mayo 4KG",25,g,,,,199,5978
g_instead_of_kg,"Grill Thrill Burger","PRD-01010 TOMATO",10,g,,,,199,5979
g_instead_of_kg,"Grilled Chicken Sandwich","PRD-00748 BLACK PEPPER",2,g,,,,202,6046
g_instead_of_kg,"Grilled Chicken Sandwich","PRD-00751 BONE LESS CHICKEN",250,g,,,,202,6037
g_instead_of_kg,"Grilled Chicken Sandwich","PRD-00772 CARROT(GAJER)",10,g,,,,202,6042
g_instead_of_kg,"Grilled Chicken Sandwich","PRD-00782 CHILLI GARLIC(4KG)",10,g,,,,202,6045
g_instead_of_kg,"Grilled Chicken Sandwich","PRD-00762 Cabbage(band ghobi)",20,g,,,,202,6041
g_instead_of_kg,"Grilled Chicken Sandwich","PRD-00720 Fries 2.5kg",80,g,,,,202,6038
g_instead_of_kg,"Grilled Chicken Sandwich","PRD-00857 Iceberg(salad patta)",20,g,,,,202,6039
g_instead_of_kg,"Grilled Chicken Sandwich","PRD-00877 KNORR KETCHUP 4KG",10,g,,,,202,6044
g_instead_of_kg,"Grilled Chicken Sandwich","PRD-00926 Oregano(500g)",2,g,,,,202,6047
g_instead_of_kg,"Grilled Chicken Sandwich","PRD-00954 Real mayo 4KG",30,g,,,,202,6043
g_instead_of_kg,"Grilled Chicken Sandwich","PRD-01010 TOMATO",10,g,,,,202,6040
g_instead_of_kg,"Grilled Fish","PRD-00739 BASPATI RICE",70,g,,,,291,4977
g_instead_of_kg,"Grilled Fish","PRD-00748 BLACK PEPPER",3,g,,,,291,4984
g_instead_of_kg,"Grilled Fish","PRD-00759 Butter",40,g,,,,291,4979
g_instead_of_kg,"Grilled Fish","PRD-00772 CARROT(GAJER)",2,g,,,,291,4985
g_instead_of_kg,"Grilled Fish","PRD-00833 FISH(MACHLI)",300,g,,,,291,4976
g_instead_of_kg,"Grilled Fish","PRD-00882 LEMON (LEMU)",10,g,,,,291,4978
g_instead_of_kg,"Grilled Fish","PRD-00838 Leason",5,g,,,,291,4980
g_instead_of_kg,"Grilled Fish","PRD-00926 Oregano(500g)",2,g,,,,291,4981
g_instead_of_kg,"Grilled Fish","PRD-00962 SALT 800G",3,g,,,,291,4982
g_instead_of_kg,"Grilled Fish","PRD-00768 SHIMLA MIRCH",5,g,,,,291,4986
g_instead_of_kg,"Grilled Fish","PRD-01028 White pepper",3,g,,,,291,4983
g_instead_of_kg,"Grilled Prawn (6Pcs)","PRD-00837 GARAM MASALAH",4,g,,,,166,5647
g_instead_of_kg,"Grilled Prawn (6Pcs)","PRD-00846 GREEN CHILLI (SABZ MIRCH)",4,g,,,,166,5641
g_instead_of_kg,"Grilled Prawn (6Pcs)","PRD-00875 Knorr chicken powder (1kg)",2,g,,,,166,5640
g_instead_of_kg,"Grilled Prawn (6Pcs)","PRD-00882 LEMON (LEMU)",20,g,,,,166,5645
g_instead_of_kg,"Grilled Prawn (6Pcs)","PRD-00838 Leason",10,g,,,,166,5638
g_instead_of_kg,"Grilled Prawn (6Pcs)","PRD-00947 PRAWNS",200,g,,,,166,5648
g_instead_of_kg,"Grilled Prawn (6Pcs)","PRD-00925 Piyaz",15,g,,,,166,5643
g_instead_of_kg,"Grilled Prawn (6Pcs)","PRD-00958 Red Chilli(1kg)",8,g,,,,166,5646
g_instead_of_kg,"Grilled Prawn (6Pcs)","PRD-00962 SALT 800G",6,g,,,,166,5637
g_instead_of_kg,"Grilled Prawn (6Pcs)","PRD-00768 SHIMLA MIRCH",15,g,,,,166,5642
g_instead_of_kg,"Grilled Prawn (6Pcs)","PRD-00961 Safaid zeerah",9,g,,,,166,5639
g_instead_of_kg,"Grilled Prawn (6Pcs)","PRD-01010 TOMATO",10,g,,,,166,5644
g_instead_of_kg,"Hawaiian Steak (Beaf)","PRD-00748 BLACK PEPPER",8,g,,,,211,6080
g_instead_of_kg,"Hawaiian Steak (Beaf)","PRD-00753 BROCCOLI (SABZ GHOBHI)",70,g,,,,211,6073
g_instead_of_kg,"Hawaiian Steak (Beaf)","PRD-00741 Beef",350,g,,,,211,6071
g_instead_of_kg,"Hawaiian Steak (Beaf)","PRD-00759 Butter",20,g,,,,211,6072
g_instead_of_kg,"Hawaiian Steak (Beaf)","PRD-00790 Cocktail mixfruit(2800g)",80,g,,,,211,6089
g_instead_of_kg,"Hawaiian Steak (Beaf)","PRD-00802 Crushed chilli(dara mirch)",60,g,,,,211,6076
g_instead_of_kg,"Hawaiian Steak (Beaf)","PRD-00836 FRESH BEANS",50,g,,,,211,6074
g_instead_of_kg,"Hawaiian Steak (Beaf)","PRD-00875 Knorr chicken powder (1kg)",15,g,,,,211,6078
g_instead_of_kg,"Hawaiian Steak (Beaf)","PRD-00838 Leason",5,g,,,,211,6085
g_instead_of_kg,"Hawaiian Steak (Beaf)","PRD-00907 MILK PACK CREAM",100,g,,,,211,6083
g_instead_of_kg,"Hawaiian Steak (Beaf)","PRD-00908 MILK PACK NESTLE (1LITER)",80,g,,,,211,6084
g_instead_of_kg,"Hawaiian Steak (Beaf)","PRD-00917 MUSTARD PASTE 3KG",10,g,,,,211,6088
g_instead_of_kg,"Hawaiian Steak (Beaf)","PRD-00926 Oregano(500g)",2,g,,,,211,6086
g_instead_of_kg,"Hawaiian Steak (Beaf)","PRD-00925 Piyaz",80,g,,,,211,6082
g_instead_of_kg,"Hawaiian Steak (Beaf)","PRD-00962 SALT 800G",8,g,,,,211,6077
g_instead_of_kg,"Hawaiian Steak (Beaf)","PRD-01028 White pepper",4,g,,,,211,6087
g_instead_of_kg,"Hawaiian Steak (Beaf)","PRD-01042 ZAKUNI",60,g,,,,211,6075
g_instead_of_kg,"Hawaiian Steak (Chicken)","PRD-00748 BLACK PEPPER",8,g,,,,210,6099
g_instead_of_kg,"Hawaiian Steak (Chicken)","PRD-00751 BONE LESS CHICKEN",350,g,,,,210,6090
g_instead_of_kg,"Hawaiian Steak (Chicken)","PRD-00753 BROCCOLI (SABZ GHOBHI)",10,g,,,,210,6092
g_instead_of_kg,"Hawaiian Steak (Chicken)","PRD-00759 Butter",20,g,,,,210,6091
g_instead_of_kg,"Hawaiian Steak (Chicken)","PRD-00790 Cocktail mixfruit(2800g)",80,g,,,,210,6108
g_instead_of_kg,"Hawaiian Steak (Chicken)","PRD-00802 Crushed chilli(dara mirch)",6,g,,,,210,6095
g_instead_of_kg,"Hawaiian Steak (Chicken)","PRD-00836 FRESH BEANS",50,g,,,,210,6093
g_instead_of_kg,"Hawaiian Steak (Chicken)","PRD-00875 Knorr chicken powder (1kg)",15,g,,,,210,6097
g_instead_of_kg,"Hawaiian Steak (Chicken)","PRD-00838 Leason",5,g,,,,210,6104
g_instead_of_kg,"Hawaiian Steak (Chicken)","PRD-00907 MILK PACK CREAM",100,g,,,,210,6102
g_instead_of_kg,"Hawaiian Steak (Chicken)","PRD-00908 MILK PACK NESTLE (1LITER)",80,g,,,,210,6103
g_instead_of_kg,"Hawaiian Steak (Chicken)","PRD-00917 MUSTARD PASTE 3KG",10,g,,,,210,6107
g_instead_of_kg,"Hawaiian Steak (Chicken)","PRD-00926 Oregano(500g)",2,g,,,,210,6105
g_instead_of_kg,"Hawaiian Steak (Chicken)","PRD-00925 Piyaz",80,g,,,,210,6101
g_instead_of_kg,"Hawaiian Steak (Chicken)","PRD-00962 SALT 800G",8,g,,,,210,6096
g_instead_of_kg,"Hawaiian Steak (Chicken)","PRD-01028 White pepper",4,g,,,,210,6106
g_instead_of_kg,"Hawaiian Steak (Chicken)","PRD-01042 ZAKUNI",60,g,,,,210,6094
g_instead_of_kg,"Honey Wings (8Pcs)","PRD-00842 Adrak",2,g,,,,115,7370
g_instead_of_kg,"Honey Wings (8Pcs)","PRD-00748 BLACK PEPPER",3,g,,,,115,7366
g_instead_of_kg,"Honey Wings (8Pcs)","PRD-00780 Chicken wings",400,g,,,,115,7360
g_instead_of_kg,"Honey Wings (8Pcs)","PRD-00799 Corn Floor",10,g,,,,115,7368
g_instead_of_kg,"Honey Wings (8Pcs)","PRD-00846 GREEN CHILLI (SABZ MIRCH)",3,g,,,,115,7369
g_instead_of_kg,"Honey Wings (8Pcs)","PRD-00849 HONEY(1kg)",15,g,,,,115,7372
g_instead_of_kg,"Honey Wings (8Pcs)","PRD-00875 Knorr chicken powder (1kg)",4,g,,,,115,7365
g_instead_of_kg,"Honey Wings (8Pcs)","PRD-00838 Leason",5,g,,,,115,7363
g_instead_of_kg,"Honey Wings (8Pcs)","PRD-00895 Maida",10,g,,,,115,7367
g_instead_of_kg,"Honey Wings (8Pcs)","PRD-00962 SALT 800G",4,g,,,,115,7361
g_instead_of_kg,"Honey Wings (8Pcs)","PRD-00987 SUFAID TIL",2,g,,,,115,7371
g_instead_of_kg,"Honey Wings (8Pcs)","PRD-00990 Sugar",2,g,,,,115,7364
g_instead_of_kg,"Honey Wings (8Pcs)","PRD-01028 White pepper",3,g,,,,115,7362
g_instead_of_kg,"Hot n Sour Soup (Family)","PRD-00748 BLACK PEPPER",3,g,,,,185,5816
g_instead_of_kg,"Hot n Sour Soup (Family)","PRD-00751 BONE LESS CHICKEN",300,g,,,,185,5807
g_instead_of_kg,"Hot n Sour Soup (Family)","PRD-00772 CARROT(GAJER)",60,g,,,,185,5808
g_instead_of_kg,"Hot n Sour Soup (Family)","PRD-00762 Cabbage(band ghobi)",80,g,,,,185,5809
g_instead_of_kg,"Hot n Sour Soup (Family)","PRD-00799 Corn Floor",80,g,,,,185,5811
g_instead_of_kg,"Hot n Sour Soup (Family)","PRD-00848 Green onion",40,g,,,,185,5810
g_instead_of_kg,"Hot n Sour Soup (Family)","PRD-00875 Knorr chicken powder (1kg)",18,g,,,,185,5815
g_instead_of_kg,"Hot n Sour Soup (Family)","PRD-00958 Red Chilli(1kg)",10,g,,,,185,5813
g_instead_of_kg,"Hot n Sour Soup (Family)","PRD-00962 SALT 800G",10,g,,,,185,5814
g_instead_of_kg,"Hot n Sour Soup (Family)","PRD-00990 Sugar",10,g,,,,185,5817
g_instead_of_kg,"Hot n Sour Soup (Single)","PRD-00751 BONE LESS CHICKEN",50,g,,,,192,5877
g_instead_of_kg,"Hot n Sour Soup (Single)","PRD-00772 CARROT(GAJER)",15,g,,,,192,5878
g_instead_of_kg,"Hot n Sour Soup (Single)","PRD-00762 Cabbage(band ghobi)",20,g,,,,192,5879
g_instead_of_kg,"Hot n Sour Soup (Single)","PRD-00799 Corn Floor",20,g,,,,192,5882
g_instead_of_kg,"Hot n Sour Soup (Single)","PRD-00848 Green onion",8,g,,,,192,5880
g_instead_of_kg,"Hot n Sour Soup (Single)","PRD-00875 Knorr chicken powder (1kg)",8,g,,,,192,5886
g_instead_of_kg,"Hot n Sour Soup (Single)","PRD-00958 Red Chilli(1kg)",3,g,,,,192,5884
g_instead_of_kg,"Hot n Sour Soup (Single)","PRD-00962 SALT 800G",3,g,,,,192,5885
g_instead_of_kg,"Hot n Sour Soup (Single)","PRD-00990 Sugar",3,g,,,,192,5887
g_instead_of_kg,Hummus,"PRD-00838 Leason",3,g,,,,283,4926
g_instead_of_kg,Hummus,"PRD-00962 SALT 800G",2,g,,,,283,4925
g_instead_of_kg,"Ice Cream (2 Scoop)","PRD-00785 Chocolate IceCreem 10L",120,g,,,,350,7452
g_instead_of_kg,"Ice Cream Shake  Chocolate (Regular)","PRD-00785 Chocolate IceCreem 10L",160,g,,,,338,7411
g_instead_of_kg,"Ice Cream Shake  Chocolate (Regular)","PRD-01198 ICE CUBE",40,g,,,,338,7412
g_instead_of_kg,"Ice Cream Shake  Kulfa (Regular)","PRD-01198 ICE CUBE",40,g,,,,339,7415
g_instead_of_kg,"Ice Cream Shake  Kulfa (Regular)","PRD-00879 Kulfa IceCreem 10L",160,g,,,,339,7414
g_instead_of_kg,"Ice Cream Shake  Mango (Regular)","PRD-01198 ICE CUBE",50,g,,,,341,7418
g_instead_of_kg,"Ice Cream Shake  Mango (Regular)","PRD-00897 Mango IceCreem 10L",160,g,,,,341,7417
g_instead_of_kg,"Ice Cream Shake  Pista (Regular)","PRD-01198 ICE CUBE",50,g,,,,342,7422
g_instead_of_kg,"Ice Cream Shake  Pista (Regular)","PRD-00941 Pistachio ice cream(10kg)",160,g,,,,342,7423
g_instead_of_kg,"Ice Cream Shake  Strawberry (Regular)","PRD-01198 ICE CUBE",40,g,,,,340,7409
g_instead_of_kg,"Ice Cream Shake  Strawberry (Regular)","PRD-00984 Strawberry IceCreem 10L",160,g,,,,340,7408
g_instead_of_kg,"Ice Cream Shake  Vanilla (Regular)","PRD-01198 ICE CUBE",50,g,,,,337,7400
g_instead_of_kg,"Ice Cream Shake  Vanilla (Regular)","PRD-00856 Vanila IceCreem 10L",160,g,,,,337,7399
g_instead_of_kg,"Italian Chicken Cheese","PRD-00748 BLACK PEPPER",10,g,,,,329,7145
g_instead_of_kg,"Italian Chicken Cheese","PRD-00753 BROCCOLI (SABZ GHOBHI)",20,g,,,,329,7149
g_instead_of_kg,"Italian Chicken Cheese","PRD-00777 Chicken Karahi",300,g,,,,329,7139
g_instead_of_kg,"Italian Chicken Cheese","PRD-00836 FRESH BEANS",20,g,,,,329,7150
g_instead_of_kg,"Italian Chicken Cheese","PRD-00877 KNORR KETCHUP 4KG",30,g,,,,329,7140
g_instead_of_kg,"Italian Chicken Cheese","PRD-00875 Knorr chicken powder (1kg)",15,g,,,,329,7147
g_instead_of_kg,"Italian Chicken Cheese","PRD-00917 MUSTARD PASTE 3KG",10,g,,,,329,7143
g_instead_of_kg,"Italian Chicken Cheese","PRD-00915 Mozzarella cheese",50,g,,,,329,7144
g_instead_of_kg,"Italian Chicken Cheese","PRD-00925 Piyaz",10,g,,,,329,7151
g_instead_of_kg,"Italian Chicken Cheese","PRD-00962 SALT 800G",10,g,,,,329,7142
g_instead_of_kg,"Italian Chicken Cheese","PRD-01010 TOMATO",40,g,,,,329,7141
g_instead_of_kg,"Italian Chicken Cheese","PRD-01042 ZAKUNI",20,g,,,,329,7148
g_instead_of_kg,"Italian Salad","PRD-00729 APPLE",100,g,,,,288,6636
g_instead_of_kg,"Italian Salad","PRD-00748 BLACK PEPPER",3,g,,,,288,6634
g_instead_of_kg,"Italian Salad","PRD-00751 BONE LESS CHICKEN",100,g,,,,288,6631
g_instead_of_kg,"Italian Salad","PRD-00782 CHILLI GARLIC(4KG)",50,g,,,,288,6637
g_instead_of_kg,"Italian Salad","PRD-00803 CUCUMBER(KHEERA)",80,g,,,,288,6629
g_instead_of_kg,"Italian Salad","PRD-00857 Iceberg(salad patta)",80,g,,,,288,6626
g_instead_of_kg,"Italian Salad","PRD-00882 LEMON (LEMU)",15,g,,,,288,6632
g_instead_of_kg,"Italian Salad","PRD-00932 Pantanella Pasta(500g)",150,g,,,,288,6635
g_instead_of_kg,"Italian Salad","PRD-00925 Piyaz",50,g,,,,288,6630
g_instead_of_kg,"Italian Salad","PRD-00962 SALT 800G",4,g,,,,288,6633
g_instead_of_kg,"Italian Salad","PRD-00768 SHIMLA MIRCH",60,g,,,,288,6628
g_instead_of_kg,"Italian Salad","PRD-01010 TOMATO",80,g,,,,288,6627
g_instead_of_kg,"Jalapeno Steak (Beaf)","PRD-00741 Beef",350,g,,,,298,6707
g_instead_of_kg,"Jalapeno Steak (Beaf)","PRD-00759 Butter",20,g,,,,298,6708
g_instead_of_kg,"Jalapeno Steak (Beaf)","PRD-00860 Jalapeno",50,g,,,,298,6716
g_instead_of_kg,"Jalapeno Steak (Beaf)","PRD-00875 Knorr chicken powder (1kg)",8,g,,,,298,6713
g_instead_of_kg,"Jalapeno Steak (Beaf)","PRD-00838 Leason",15,g,,,,298,6710
g_instead_of_kg,"Jalapeno Steak (Beaf)","PRD-00907 MILK PACK CREAM",100,g,,,,298,6711
g_instead_of_kg,"Jalapeno Steak (Beaf)","PRD-00908 MILK PACK NESTLE (1LITER)",100,g,,,,298,6712
g_instead_of_kg,"Jalapeno Steak (Beaf)","PRD-00926 Oregano(500g)",2,g,,,,298,6709
g_instead_of_kg,"Jalapeno Steak (Beaf)","PRD-00962 SALT 800G",2,g,,,,298,6715
g_instead_of_kg,"Jalapeno Steak (Beaf)","PRD-01028 White pepper",4,g,,,,298,6714
g_instead_of_kg,"Jalapeno Steak (Chicken)","PRD-00751 BONE LESS CHICKEN",350,g,,,,299,6697
g_instead_of_kg,"Jalapeno Steak (Chicken)","PRD-00759 Butter",20,g,,,,299,6698
g_instead_of_kg,"Jalapeno Steak (Chicken)","PRD-00860 Jalapeno",20,g,,,,299,6706
g_instead_of_kg,"Jalapeno Steak (Chicken)","PRD-00875 Knorr chicken powder (1kg)",8,g,,,,299,6702
g_instead_of_kg,"Jalapeno Steak (Chicken)","PRD-00838 Leason",15,g,,,,299,6699
g_instead_of_kg,"Jalapeno Steak (Chicken)","PRD-00907 MILK PACK CREAM",100,g,,,,299,6700
g_instead_of_kg,"Jalapeno Steak (Chicken)","PRD-00908 MILK PACK NESTLE (1LITER)",100,g,,,,299,6701
g_instead_of_kg,"Jalapeno Steak (Chicken)","PRD-00926 Oregano(500g)",2,g,,,,299,6703
g_instead_of_kg,"Jalapeno Steak (Chicken)","PRD-00962 SALT 800G",2,g,,,,299,6705
g_instead_of_kg,"Jalapeno Steak (Chicken)","PRD-01028 White pepper",4,g,,,,299,6704
g_instead_of_kg,"Kachumar Salad","PRD-00748 BLACK PEPPER",2,g,,,,289,4965
g_instead_of_kg,"Kachumar Salad","PRD-00803 CUCUMBER(KHEERA)",100,g,,,,289,4960
g_instead_of_kg,"Kachumar Salad","PRD-00762 Cabbage(band ghobi)",8,g,,,,289,4968
g_instead_of_kg,"Kachumar Salad","PRD-00857 Iceberg(salad patta)",15,g,,,,289,4963
g_instead_of_kg,"Kachumar Salad","PRD-00882 LEMON (LEMU)",2,g,,,,289,4966
g_instead_of_kg,"Kachumar Salad","PRD-00925 Piyaz",50,g,,,,289,4962
g_instead_of_kg,"Kachumar Salad","PRD-00962 SALT 800G",2,g,,,,289,4964
g_instead_of_kg,"Kachumar Salad","PRD-01010 TOMATO",30,g,,,,289,4961
g_instead_of_kg,"Kachumar Salad","PRD-00743 chakander",5,g,,,,289,4967
g_instead_of_kg,"Kalwanji Naan","PRD-00827 Everyday Powder(1kg)",15,g,,,,70,6928
g_instead_of_kg,"Kalwanji Naan","PRD-00830 FINE 20KG",80,g,,,,70,6921
g_instead_of_kg,"Kalwanji Naan","PRD-00866 KALWANJI",10,g,,,,70,6926
g_instead_of_kg,"Kalwanji Naan","PRD-00962 SALT 800G",1.5,g,,,,70,6924
g_instead_of_kg,"Kalwanji Naan","PRD-00990 Sugar",1.5,g,,,,70,6923
g_instead_of_kg,"Kalwanji Naan","PRD-01036 Yeast(500g)",1.5,g,,,,70,6922
g_instead_of_kg,"Kalwanji Naan","PRD-01041 Yogurt",10,g,,,,70,6925
g_instead_of_kg,"Kastoori Kebab (4Pcs)","PRD-00842 Adrak",6,g,,,,146,5629
g_instead_of_kg,"Kastoori Kebab (4Pcs)","PRD-00835 Food colour",1,g,,,,146,5636
g_instead_of_kg,"Kastoori Kebab (4Pcs)","PRD-00837 GARAM MASALAH",2,g,,,,146,5634
g_instead_of_kg,"Kastoori Kebab (4Pcs)","PRD-00846 GREEN CHILLI (SABZ MIRCH)",6,g,,,,146,5630
g_instead_of_kg,"Kastoori Kebab (4Pcs)","PRD-00867 KASORI METHI 200G",3,g,,,,146,5635
g_instead_of_kg,"Kastoori Kebab (4Pcs)","PRD-00838 Leason",6,g,,,,146,5628
g_instead_of_kg,"Kastoori Kebab (4Pcs)","PRD-00907 MILK PACK CREAM",15,g,,,,146,5627
g_instead_of_kg,"Kastoori Kebab (4Pcs)","PRD-00962 SALT 800G",4,g,,,,146,5632
g_instead_of_kg,"Kastoori Kebab (4Pcs)","PRD-01002 THAI PIECE CHICKEN",300,g,,,,146,5626
g_instead_of_kg,"Kastoori Kebab (4Pcs)","PRD-01028 White pepper",3,g,,,,146,5633
g_instead_of_kg,"Kebab Crust - Pizza (F)","PRD-00825 Eka_300 Powder(500g)",3,g,,,,143,5609
g_instead_of_kg,"Kebab Crust - Pizza (F)","PRD-00827 Everyday Powder(1kg)",15,g,,,,143,5608
g_instead_of_kg,"Kebab Crust - Pizza (F)","PRD-00895 Maida",380,g,,,,143,5601
g_instead_of_kg,"Kebab Crust - Pizza (F)","PRD-00915 Mozzarella cheese",400,g,,,,143,5607
g_instead_of_kg,"Kebab Crust - Pizza (F)","PRD-00962 SALT 800G",7,g,,,,143,5603
g_instead_of_kg,"Kebab Crust - Pizza (F)","PRD-00990 Sugar",10,g,,,,143,5604
g_instead_of_kg,"Kebab Crust - Pizza (F)","PRD-01002 THAI PIECE CHICKEN",550,g,,,,143,5606
g_instead_of_kg,"Kebab Crust - Pizza (F)","PRD-01036 Yeast(500g)",7,g,,,,143,5605
g_instead_of_kg,"Kebab Crust - Pizza (L)","PRD-00747 Black Olive (3kg)",40,g,,,,325,7079
g_instead_of_kg,"Kebab Crust - Pizza (L)","PRD-00825 Eka_300 Powder(500g)",2,g,,,,325,7069
g_instead_of_kg,"Kebab Crust - Pizza (L)","PRD-00827 Everyday Powder(1kg)",12,g,,,,325,7066
g_instead_of_kg,"Kebab Crust - Pizza (L)","PRD-00907 MILK PACK CREAM",50,g,,,,325,7078
g_instead_of_kg,"Kebab Crust - Pizza (L)","PRD-00895 Maida",320,g,,,,325,7064
g_instead_of_kg,"Kebab Crust - Pizza (L)","PRD-00915 Mozzarella cheese",340,g,,,,325,7065
g_instead_of_kg,"Kebab Crust - Pizza (L)","PRD-00925 Piyaz",50,g,,,,325,7074
g_instead_of_kg,"Kebab Crust - Pizza (L)","PRD-00954 Real mayo 4KG",30,g,,,,325,7077
g_instead_of_kg,"Kebab Crust - Pizza (L)","PRD-00962 SALT 800G",5,g,,,,325,7070
g_instead_of_kg,"Kebab Crust - Pizza (L)","PRD-00768 SHIMLA MIRCH",50,g,,,,325,7075
g_instead_of_kg,"Kebab Crust - Pizza (L)","PRD-00990 Sugar",8,g,,,,325,7071
g_instead_of_kg,"Kebab Crust - Pizza (L)","PRD-01002 THAI PIECE CHICKEN",320,g,,,,325,7072
g_instead_of_kg,"Kebab Crust - Pizza (L)","PRD-01010 TOMATO",50,g,,,,325,7076
g_instead_of_kg,"Kebab Crust - Pizza (L)","PRD-01036 Yeast(500g)",6,g,,,,325,7068
g_instead_of_kg,"Kebab Crust - Pizza (M)","PRD-00747 Black Olive (3kg)",10,g,,,,240,6333
g_instead_of_kg,"Kebab Crust - Pizza (M)","PRD-00825 Eka_300 Powder(500g)",2,g,,,,240,6331
g_instead_of_kg,"Kebab Crust - Pizza (M)","PRD-00827 Everyday Powder(1kg)",6,g,,,,240,6327
g_instead_of_kg,"Kebab Crust - Pizza (M)","PRD-00895 Maida",220,g,,,,240,6323
g_instead_of_kg,"Kebab Crust - Pizza (M)","PRD-00915 Mozzarella cheese",150,g,,,,240,6332
g_instead_of_kg,"Kebab Crust - Pizza (M)","PRD-00925 Piyaz",25,g,,,,240,6322
g_instead_of_kg,"Kebab Crust - Pizza (M)","PRD-00962 SALT 800G",3,g,,,,240,6330
g_instead_of_kg,"Kebab Crust - Pizza (M)","PRD-00768 SHIMLA MIRCH",25,g,,,,240,6324
g_instead_of_kg,"Kebab Crust - Pizza (M)","PRD-00990 Sugar",6,g,,,,240,6328
g_instead_of_kg,"Kebab Crust - Pizza (M)","PRD-01002 THAI PIECE CHICKEN",300,g,,,,240,6325
g_instead_of_kg,"Kebab Crust - Pizza (M)","PRD-01036 Yeast(500g)",4,g,,,,240,6329
g_instead_of_kg,"Lahori Kebab (4Pcs)","PRD-00723 AJWAIN",2,g,,,,154,3497
g_instead_of_kg,"Lahori Kebab (4Pcs)","PRD-00842 Adrak",6,g,,,,154,3489
g_instead_of_kg,"Lahori Kebab (4Pcs)","PRD-00798 CORIENDER (SABZ DHANYA)",5,g,,,,154,3491
g_instead_of_kg,"Lahori Kebab (4Pcs)","PRD-00775 Chaat masala",4,g,,,,154,3496
g_instead_of_kg,"Lahori Kebab (4Pcs)","PRD-00822 Dried coriander(khushk dhanya)",6,g,,,,154,3493
g_instead_of_kg,"Lahori Kebab (4Pcs)","PRD-00846 GREEN CHILLI (SABZ MIRCH)",10,g,,,,154,3490
g_instead_of_kg,"Lahori Kebab (4Pcs)","PRD-00838 Leason",6,g,,,,154,3488
g_instead_of_kg,"Lahori Kebab (4Pcs)","PRD-00919 Mutton(Charbi)",30,g,,,,154,3487
g_instead_of_kg,"Lahori Kebab (4Pcs)","PRD-00925 Piyaz",40,g,,,,154,3486
g_instead_of_kg,"Lahori Kebab (4Pcs)","PRD-00958 Red Chilli(1kg)",5,g,,,,154,3495
g_instead_of_kg,"Lahori Kebab (4Pcs)","PRD-00962 SALT 800G",5,g,,,,154,3492
g_instead_of_kg,"Lahori Kebab (4Pcs)","PRD-01002 THAI PIECE CHICKEN",250,g,,,,154,7528
g_instead_of_kg,"Lahori Kebab (4Pcs)","PRD-01028 White pepper",4,g,,,,154,3494
g_instead_of_kg,"Mac n Cheese Pasta","PRD-00751 BONE LESS CHICKEN",80,g,,,,105,5449
g_instead_of_kg,"Mac n Cheese Pasta","PRD-00759 Butter",20,g,,,,105,5447
g_instead_of_kg,"Mac n Cheese Pasta","PRD-00802 Crushed chilli(dara mirch)",5,g,,,,105,5450
g_instead_of_kg,"Mac n Cheese Pasta","PRD-00875 Knorr chicken powder (1kg)",8,g,,,,105,5446
g_instead_of_kg,"Mac n Cheese Pasta","PRD-00838 Leason",10,g,,,,105,5444
g_instead_of_kg,"Mac n Cheese Pasta","PRD-00908 MILK PACK NESTLE (1LITER)",100,g,,,,105,5445
g_instead_of_kg,"Mac n Cheese Pasta","PRD-00893 Macaroni(1kg)",100,g,,,,105,5443
g_instead_of_kg,"Mac n Cheese Pasta","PRD-00915 Mozzarella cheese",100,g,,,,105,5452
g_instead_of_kg,"Mac n Cheese Pasta","PRD-00962 SALT 800G",2,g,,,,105,5448
g_instead_of_kg,"Mac n Cheese Pasta","PRD-01028 White pepper",4,g,,,,105,5451
g_instead_of_kg,"Malai Boti - Pizza (F)","PRD-00822 Dried coriander(khushk dhanya)",5,g,,,,320,6534
g_instead_of_kg,"Malai Boti - Pizza (F)","PRD-00825 Eka_300 Powder(500g)",3,g,,,,320,6524
g_instead_of_kg,"Malai Boti - Pizza (F)","PRD-00827 Everyday Powder(1kg)",15,g,,,,320,6525
g_instead_of_kg,"Malai Boti - Pizza (F)","PRD-00846 GREEN CHILLI (SABZ MIRCH)",10,g,,,,320,6531
g_instead_of_kg,"Malai Boti - Pizza (F)","PRD-00838 Leason",3,g,,,,320,6530
g_instead_of_kg,"Malai Boti - Pizza (F)","PRD-00907 MILK PACK CREAM",40,g,,,,320,6529
g_instead_of_kg,"Malai Boti - Pizza (F)","PRD-00895 Maida",380,g,,,,320,6522
g_instead_of_kg,"Malai Boti - Pizza (F)","PRD-00915 Mozzarella cheese",400,g,,,,320,6528
g_instead_of_kg,"Malai Boti - Pizza (F)","PRD-00954 Real mayo 4KG",25,g,,,,320,6535
g_instead_of_kg,"Malai Boti - Pizza (F)","PRD-00962 SALT 800G",6,g,,,,320,6527
g_instead_of_kg,"Malai Boti - Pizza (F)","PRD-00961 Safaid zeerah",5,g,,,,320,6533
g_instead_of_kg,"Malai Boti - Pizza (F)","PRD-01002 THAI PIECE CHICKEN",350,g,,,,320,6520
g_instead_of_kg,"Malai Boti - Pizza (F)","PRD-01028 White pepper",10,g,,,,320,6532
g_instead_of_kg,"Malai Boti - Pizza (F)","PRD-01036 Yeast(500g)",7,g,,,,320,6523
g_instead_of_kg,"Malai Boti - Pizza (L)","PRD-00777 Chicken Karahi",320,g,,,,249,6430
g_instead_of_kg,"Malai Boti - Pizza (L)","PRD-00825 Eka_300 Powder(500g)",2,g,,,,249,6444
g_instead_of_kg,"Malai Boti - Pizza (L)","PRD-00827 Everyday Powder(1kg)",12,g,,,,249,6439
g_instead_of_kg,"Malai Boti - Pizza (L)","PRD-00838 Leason",5,g,,,,249,6433
g_instead_of_kg,"Malai Boti - Pizza (L)","PRD-00907 MILK PACK CREAM",30,g,,,,249,6442
g_instead_of_kg,"Malai Boti - Pizza (L)","PRD-00895 Maida",320,g,,,,249,6434
g_instead_of_kg,"Malai Boti - Pizza (L)","PRD-00915 Mozzarella cheese",340,g,,,,249,6445
g_instead_of_kg,"Malai Boti - Pizza (L)","PRD-00925 Piyaz",50,g,,,,249,6435
g_instead_of_kg,"Malai Boti - Pizza (L)","PRD-00954 Real mayo 4KG",30,g,,,,249,6438
g_instead_of_kg,"Malai Boti - Pizza (L)","PRD-00962 SALT 800G",5,g,,,,249,6441
g_instead_of_kg,"Malai Boti - Pizza (L)","PRD-00768 SHIMLA MIRCH",50,g,,,,249,6437
g_instead_of_kg,"Malai Boti - Pizza (L)","PRD-00990 Sugar",8,g,,,,249,6443
g_instead_of_kg,"Malai Boti - Pizza (L)","PRD-01028 White pepper",5,g,,,,249,6431
g_instead_of_kg,"Malai Boti - Pizza (L)","PRD-01036 Yeast(500g)",6,g,,,,249,6436
g_instead_of_kg,"Malai Boti - Pizza (M)","PRD-00777 Chicken Karahi",200,g,,,,306,6778
g_instead_of_kg,"Malai Boti - Pizza (M)","PRD-00822 Dried coriander(khushk dhanya)",5,g,,,,306,6790
g_instead_of_kg,"Malai Boti - Pizza (M)","PRD-00825 Eka_300 Powder(500g)",1,g,,,,306,6792
g_instead_of_kg,"Malai Boti - Pizza (M)","PRD-00846 GREEN CHILLI (SABZ MIRCH)",10,g,,,,306,6787
g_instead_of_kg,"Malai Boti - Pizza (M)","PRD-00907 MILK PACK CREAM",10,g,,,,306,6786
g_instead_of_kg,"Malai Boti - Pizza (M)","PRD-00895 Maida",220,g,,,,306,6782
g_instead_of_kg,"Malai Boti - Pizza (M)","PRD-00915 Mozzarella cheese",240,g,,,,306,6791
g_instead_of_kg,"Malai Boti - Pizza (M)","PRD-00954 Real mayo 4KG",15,g,,,,306,6785
g_instead_of_kg,"Malai Boti - Pizza (M)","PRD-00962 SALT 800G",4,g,,,,306,6780
g_instead_of_kg,"Malai Boti - Pizza (M)","PRD-00961 Safaid zeerah",5,g,,,,306,6789
g_instead_of_kg,"Malai Boti - Pizza (M)","PRD-00990 Sugar",6,g,,,,306,6784
g_instead_of_kg,"Malai Boti - Pizza (M)","PRD-01028 White pepper",5,g,,,,306,6788
g_instead_of_kg,"Malai Boti - Pizza (M)","PRD-01036 Yeast(500g)",4,g,,,,306,6783
g_instead_of_kg,"Mayo Garlic Fries","PRD-00720 Fries 2.5kg",360,g,,,,206,4063
g_instead_of_kg,"Mayo Garlic Fries","PRD-00839 Garlic Powder(1kg)",5,g,,,,206,4066
g_instead_of_kg,"Mayo Garlic Fries","PRD-00907 MILK PACK CREAM",15,g,,,,206,4068
g_instead_of_kg,"Mayo Garlic Fries","PRD-00926 Oregano(500g)",2,g,,,,206,4069
g_instead_of_kg,"Mayo Garlic Fries","PRD-00954 Real mayo 4KG",80,g,,,,206,4067
g_instead_of_kg,"Mayo Garlic Fries","PRD-00962 SALT 800G",1,g,,,,206,4065
g_instead_of_kg,"Mexican Sandwich","PRD-00759 Butter",5,g,,,,201,6030
g_instead_of_kg,"Mexican Sandwich","PRD-00772 CARROT(GAJER)",10,g,,,,201,6026
g_instead_of_kg,"Mexican Sandwich","PRD-00782 CHILLI GARLIC(4KG)",5,g,,,,201,6029
g_instead_of_kg,"Mexican Sandwich","PRD-00803 CUCUMBER(KHEERA)",20,g,,,,201,6031
g_instead_of_kg,"Mexican Sandwich","PRD-00762 Cabbage(band ghobi)",20,g,,,,201,6025
g_instead_of_kg,"Mexican Sandwich","PRD-00777 Chicken Karahi",120,g,,,,201,6021
g_instead_of_kg,"Mexican Sandwich","PRD-00720 Fries 2.5kg",80,g,,,,201,6022
g_instead_of_kg,"Mexican Sandwich","PRD-00857 Iceberg(salad patta)",20,g,,,,201,6023
g_instead_of_kg,"Mexican Sandwich","PRD-00877 KNORR KETCHUP 4KG",10,g,,,,201,6028
g_instead_of_kg,"Mexican Sandwich","PRD-00915 Mozzarella cheese",20,g,,,,201,6035
g_instead_of_kg,"Mexican Sandwich","PRD-00925 Piyaz",10,g,,,,201,6033
g_instead_of_kg,"Mexican Sandwich","PRD-00954 Real mayo 4KG",25,g,,,,201,6027
g_instead_of_kg,"Mexican Sandwich","PRD-00768 SHIMLA MIRCH",10,g,,,,201,6032
g_instead_of_kg,"Mexican Sandwich","PRD-01010 TOMATO",10,g,,,,201,6024
g_instead_of_kg,"Mexican Steak (Beaf)","PRD-00741 Beef",350,g,,,,296,6688
g_instead_of_kg,"Mexican Steak (Beaf)","PRD-00759 Butter",20,g,,,,296,6695
g_instead_of_kg,"Mexican Steak (Beaf)","PRD-00782 CHILLI GARLIC(4KG)",20,g,,,,296,6692
g_instead_of_kg,"Mexican Steak (Beaf)","PRD-00877 KNORR KETCHUP 4KG",20,g,,,,296,6691
g_instead_of_kg,"Mexican Steak (Beaf)","PRD-00838 Leason",15,g,,,,296,6689
g_instead_of_kg,"Mexican Steak (Beaf)","PRD-00925 Piyaz",40,g,,,,296,6694
g_instead_of_kg,"Mexican Steak (Beaf)","PRD-00768 SHIMLA MIRCH",30,g,,,,296,6693
g_instead_of_kg,"Mexican Steak (Beaf)","PRD-01010 TOMATO",50,g,,,,296,6690
g_instead_of_kg,"Mexican Steak (Beaf)","PRD-01011 TOMATO PASTE",50,g,,,,296,6696
g_instead_of_kg,"Mexican Steak (Chicken)","PRD-00759 Butter",20,g,,,,297,6686
g_instead_of_kg,"Mexican Steak (Chicken)","PRD-00782 CHILLI GARLIC(4KG)",20,g,,,,297,6683
g_instead_of_kg,"Mexican Steak (Chicken)","PRD-00777 Chicken Karahi",350,g,,,,297,6679
g_instead_of_kg,"Mexican Steak (Chicken)","PRD-00877 KNORR KETCHUP 4KG",20,g,,,,297,6682
g_instead_of_kg,"Mexican Steak (Chicken)","PRD-00838 Leason",15,g,,,,297,6680
g_instead_of_kg,"Mexican Steak (Chicken)","PRD-00925 Piyaz",40,g,,,,297,6685
g_instead_of_kg,"Mexican Steak (Chicken)","PRD-00768 SHIMLA MIRCH",30,g,,,,297,6684
g_instead_of_kg,"Mexican Steak (Chicken)","PRD-01010 TOMATO",50,g,,,,297,6681
g_instead_of_kg,"Mexican Steak (Chicken)","PRD-01011 TOMATO PASTE",50,g,,,,297,6687
g_instead_of_kg,"Mint Margarita","PRD-00749 Black salt",3,g,,,,348,7446
g_instead_of_kg,"Mint Margarita","PRD-01198 ICE CUBE",100,g,,,,348,7447
g_instead_of_kg,"Mint Margarita","PRD-00882 LEMON (LEMU)",8,g,,,,348,7444
g_instead_of_kg,"Mint Margarita","PRD-00911 MINT(PODINA)",20,g,,,,348,7442
g_instead_of_kg,"Mint Margarita","PRD-00990 Sugar",15,g,,,,348,7445
g_instead_of_kg,"Mint Sauce","PRD-00798 CORIENDER (SABZ DHANYA)",15,g,,,,281,6675
g_instead_of_kg,"Mint Sauce","PRD-00846 GREEN CHILLI (SABZ MIRCH)",5,g,,,,281,6674
g_instead_of_kg,"Mint Sauce","PRD-00838 Leason",3,g,,,,281,6676
g_instead_of_kg,"Mint Sauce","PRD-00911 MINT(PODINA)",15,g,,,,281,6678
g_instead_of_kg,"Mint Sauce","PRD-00962 SALT 800G",1,g,,,,281,6673
g_instead_of_kg,"Mint Sauce","PRD-01010 TOMATO",5,g,,,,281,6677
g_instead_of_kg,"Mint Sauce","PRD-01041 Yogurt",150,g,,,,281,6672
g_instead_of_kg,"Mix Vegetable","PRD-00945 Alu",50,g,,,,77,2644
g_instead_of_kg,"Mix Vegetable","PRD-00748 BLACK PEPPER",3,g,,,,77,2654
g_instead_of_kg,"Mix Vegetable","PRD-00798 CORIENDER (SABZ DHANYA)",10,g,,,,77,2657
g_instead_of_kg,"Mix Vegetable","PRD-00822 Dried coriander(khushk dhanya)",6,g,,,,77,2653
g_instead_of_kg,"Mix Vegetable","PRD-00846 GREEN CHILLI (SABZ MIRCH)",4,g,,,,77,2656
g_instead_of_kg,"Mix Vegetable","PRD-00875 Knorr chicken powder (1kg)",6,g,,,,77,2655
g_instead_of_kg,"Mix Vegetable","PRD-00907 MILK PACK CREAM",10,g,,,,77,2658
g_instead_of_kg,"Mix Vegetable","PRD-00934 PEA( MATER)",30,g,,,,77,2646
g_instead_of_kg,"Mix Vegetable","PRD-00925 Piyaz",40,g,,,,77,2647
g_instead_of_kg,"Mix Vegetable","PRD-00962 SALT 800G",8,g,,,,77,2651
g_instead_of_kg,"Mix Vegetable","PRD-00768 SHIMLA MIRCH",40,g,,,,77,2645
g_instead_of_kg,"Mix Vegetable","PRD-00961 Safaid zeerah",3,g,,,,77,2652
g_instead_of_kg,"Mix Vegetable","PRD-01010 TOMATO",60,g,,,,77,2648
g_instead_of_kg,"Mix Vegetable","PRD-01041 Yogurt",30,g,,,,77,2649
g_instead_of_kg,"Molten Lava Cake","PRD-00759 Butter",20.83,g,,,,351,7459
g_instead_of_kg,"Molten Lava Cake","PRD-00786 Chocolate slab(1kg)",20.83,g,,,,351,7458
g_instead_of_kg,"Molten Lava Cake","PRD-00895 Maida",20.86,g,,,,351,7457
g_instead_of_kg,"Molten Lava Cake","PRD-00990 Sugar",20.83,g,,,,351,7456
g_instead_of_kg,"Molten Lava Cake","PRD-00791 coco powder",50,g,,,,351,7460
g_instead_of_kg,"Moroccan Chicken (Family)","PRD-00748 BLACK PEPPER",3,g,,,,312,5683
g_instead_of_kg,"Moroccan Chicken (Family)","PRD-00777 Chicken Karahi",450,g,,,,312,5673
g_instead_of_kg,"Moroccan Chicken (Family)","PRD-00799 Corn Floor",25,g,,,,312,5685
g_instead_of_kg,"Moroccan Chicken (Family)","PRD-00836 FRESH BEANS",50,g,,,,312,5678
g_instead_of_kg,"Moroccan Chicken (Family)","PRD-00877 KNORR KETCHUP 4KG",60,g,,,,312,5682
g_instead_of_kg,"Moroccan Chicken (Family)","PRD-00875 Knorr chicken powder (1kg)",15,g,,,,312,5680
g_instead_of_kg,"Moroccan Chicken (Family)","PRD-00838 Leason",15,g,,,,312,5677
g_instead_of_kg,"Moroccan Chicken (Family)","PRD-00925 Piyaz",140,g,,,,312,5686
g_instead_of_kg,"Moroccan Chicken (Family)","PRD-00958 Red Chilli(1kg)",25,g,,,,312,5674
g_instead_of_kg,"Moroccan Chicken (Family)","PRD-00962 SALT 800G",5,g,,,,312,5681
g_instead_of_kg,"Moroccan Chicken (Family)","PRD-00963 SAMBEOELECK SAUCE",30,g,,,,312,5675
g_instead_of_kg,"Moroccan Chicken (Family)","PRD-00990 Sugar",10,g,,,,312,5684
g_instead_of_kg,"Moroccan Chicken (Family)","PRD-01042 ZAKUNI",80,g,,,,312,5679
g_instead_of_kg,"Moroccan Chicken (Single)","PRD-00748 BLACK PEPPER",3,g,,,,119,5528
g_instead_of_kg,"Moroccan Chicken (Single)","PRD-00777 Chicken Karahi",120,g,,,,119,5518
g_instead_of_kg,"Moroccan Chicken (Single)","PRD-00799 Corn Floor",5,g,,,,119,5530
g_instead_of_kg,"Moroccan Chicken (Single)","PRD-00836 FRESH BEANS",10,g,,,,119,5522
g_instead_of_kg,"Moroccan Chicken (Single)","PRD-00877 KNORR KETCHUP 4KG",10,g,,,,119,5527
g_instead_of_kg,"Moroccan Chicken (Single)","PRD-00875 Knorr chicken powder (1kg)",8,g,,,,119,5525
g_instead_of_kg,"Moroccan Chicken (Single)","PRD-00838 Leason",5,g,,,,119,5521
g_instead_of_kg,"Moroccan Chicken (Single)","PRD-00925 Piyaz",10,g,,,,119,5524
g_instead_of_kg,"Moroccan Chicken (Single)","PRD-00958 Red Chilli(1kg)",5,g,,,,119,5519
g_instead_of_kg,"Moroccan Chicken (Single)","PRD-00962 SALT 800G",3,g,,,,119,5526
g_instead_of_kg,"Moroccan Chicken (Single)","PRD-00963 SAMBEOELECK SAUCE",120,g,,,,119,5532
g_instead_of_kg,"Moroccan Chicken (Single)","PRD-00768 SHIMLA MIRCH",40,g,,,,119,5531
g_instead_of_kg,"Moroccan Chicken (Single)","PRD-00990 Sugar",4,g,,,,119,5529
g_instead_of_kg,"Moroccan Chicken (Single)","PRD-01042 ZAKUNI",8,g,,,,119,5523
g_instead_of_kg,"Moroccan Steak (Beaf)","PRD-00741 Beef",350,g,,,,219,6109
g_instead_of_kg,"Moroccan Steak (Beaf)","PRD-00759 Butter",15,g,,,,219,6110
g_instead_of_kg,"Moroccan Steak (Beaf)","PRD-00802 Crushed chilli(dara mirch)",5,g,,,,219,6112
g_instead_of_kg,"Moroccan Steak (Beaf)","PRD-00875 Knorr chicken powder (1kg)",5,g,,,,219,6116
g_instead_of_kg,"Moroccan Steak (Beaf)","PRD-00838 Leason",10,g,,,,219,6111
g_instead_of_kg,"Moroccan Steak (Beaf)","PRD-00907 MILK PACK CREAM",100,g,,,,219,6113
g_instead_of_kg,"Moroccan Steak (Beaf)","PRD-00962 SALT 800G",2,g,,,,219,6115
g_instead_of_kg,"Moroccan Steak (Beaf)","PRD-00963 SAMBEOELECK SAUCE",10,g,,,,219,6117
g_instead_of_kg,"Moroccan Steak (Beaf)","PRD-01028 White pepper",5,g,,,,219,6114
g_instead_of_kg,"Moroccan Steak (Chicken)","PRD-00759 Butter",15,g,,,,218,6119
g_instead_of_kg,"Moroccan Steak (Chicken)","PRD-00777 Chicken Karahi",350,g,,,,218,6118
g_instead_of_kg,"Moroccan Steak (Chicken)","PRD-00802 Crushed chilli(dara mirch)",5,g,,,,218,6121
g_instead_of_kg,"Moroccan Steak (Chicken)","PRD-00875 Knorr chicken powder (1kg)",5,g,,,,218,6125
g_instead_of_kg,"Moroccan Steak (Chicken)","PRD-00838 Leason",10,g,,,,218,6120
g_instead_of_kg,"Moroccan Steak (Chicken)","PRD-00907 MILK PACK CREAM",100,g,,,,218,6122
g_instead_of_kg,"Moroccan Steak (Chicken)","PRD-00962 SALT 800G",2,g,,,,218,6124
g_instead_of_kg,"Moroccan Steak (Chicken)","PRD-00963 SAMBEOELECK SAUCE",10,g,,,,218,6126
g_instead_of_kg,"Moroccan Steak (Chicken)","PRD-01028 White pepper",5,g,,,,218,6123
g_instead_of_kg,"Mushroom Steak (Beaf)","PRD-00741 Beef",350,g,,,,213,4140
g_instead_of_kg,"Mushroom Steak (Beaf)","PRD-00759 Butter",10,g,,,,213,4145
g_instead_of_kg,"Mushroom Steak (Beaf)","PRD-00875 Knorr chicken powder (1kg)",5,g,,,,213,4144
g_instead_of_kg,"Mushroom Steak (Beaf)","PRD-00907 MILK PACK CREAM",10,g,,,,213,4141
g_instead_of_kg,"Mushroom Steak (Beaf)","PRD-00908 MILK PACK NESTLE (1LITER)",10,g,,,,213,4143
g_instead_of_kg,"Mushroom Steak (Beaf)","PRD-00925 Piyaz",80,g,,,,213,4146
g_instead_of_kg,"Mushroom Steak (Beaf)","PRD-00962 SALT 800G",5,g,,,,213,4142
g_instead_of_kg,"Mushroom Steak (Chicken)","PRD-00759 Butter",10,g,,,,212,4134
g_instead_of_kg,"Mushroom Steak (Chicken)","PRD-00777 Chicken Karahi",350,g,,,,212,4128
g_instead_of_kg,"Mushroom Steak (Chicken)","PRD-00875 Knorr chicken powder (1kg)",5,g,,,,212,4133
g_instead_of_kg,"Mushroom Steak (Chicken)","PRD-00907 MILK PACK CREAM",10,g,,,,212,4129
g_instead_of_kg,"Mushroom Steak (Chicken)","PRD-00908 MILK PACK NESTLE (1LITER)",5,g,,,,212,4132
g_instead_of_kg,"Mushroom Steak (Chicken)","PRD-00925 Piyaz",80,g,,,,212,4131
g_instead_of_kg,"Mushroom Steak (Chicken)","PRD-00962 SALT 800G",5,g,,,,212,4130
g_instead_of_kg,"Mutton Biryani","PRD-00842 Adrak",1,g,,,,223,7391
g_instead_of_kg,"Mutton Biryani","PRD-00739 BASPATI RICE",300,g,,,,223,7382
g_instead_of_kg,"Mutton Biryani","PRD-00748 BLACK PEPPER",3,g,,,,223,7388
g_instead_of_kg,"Mutton Biryani","PRD-00846 GREEN CHILLI (SABZ MIRCH)",8,g,,,,223,7390
g_instead_of_kg,"Mutton Biryani","PRD-00872 KHUSHAK ALUU BUKHARA",15,g,,,,223,7383
g_instead_of_kg,"Mutton Biryani","PRD-00889 LONG (CLOVE)",1,g,,,,223,7387
g_instead_of_kg,"Mutton Biryani","PRD-00838 Leason",3,g,,,,223,7389
g_instead_of_kg,"Mutton Biryani","PRD-00918 MUTTON",500,g,,,,223,7395
g_instead_of_kg,"Mutton Biryani","PRD-00925 Piyaz",30,g,,,,223,7393
g_instead_of_kg,"Mutton Biryani","PRD-00962 SALT 800G",10,g,,,,223,7386
g_instead_of_kg,"Mutton Biryani","PRD-01001 TEZ PATTA",1,g,,,,223,7385
g_instead_of_kg,"Mutton Biryani","PRD-00997 Tamarind(Imli)",10,g,,,,223,7384
g_instead_of_kg,"Mutton Biryani","PRD-01041 Yogurt",20,g,,,,223,7392
g_instead_of_kg,"Mutton Black Pepper (Full)","PRD-00842 Adrak",40,g,,,,260,7518
g_instead_of_kg,"Mutton Black Pepper (Full)","PRD-00748 BLACK PEPPER",20,g,,,,260,7516
g_instead_of_kg,"Mutton Black Pepper (Full)","PRD-00798 CORIENDER (SABZ DHANYA)",30,g,,,,260,7507
g_instead_of_kg,"Mutton Black Pepper (Full)","PRD-00822 Dried coriander(khushk dhanya)",15,g,,,,260,7511
g_instead_of_kg,"Mutton Black Pepper (Full)","PRD-00837 GARAM MASALAH",5,g,,,,260,7519
g_instead_of_kg,"Mutton Black Pepper (Full)","PRD-00846 GREEN CHILLI (SABZ MIRCH)",30,g,,,,260,7513
g_instead_of_kg,"Mutton Black Pepper (Full)","PRD-00838 Leason",40,g,,,,260,7517
g_instead_of_kg,"Mutton Black Pepper (Full)","PRD-00907 MILK PACK CREAM",50,g,,,,260,7512
g_instead_of_kg,"Mutton Black Pepper (Full)","PRD-00918 MUTTON",1000,g,,,,260,7506
g_instead_of_kg,"Mutton Black Pepper (Full)","PRD-00925 Piyaz",300,g,,,,260,7509
g_instead_of_kg,"Mutton Black Pepper (Full)","PRD-00962 SALT 800G",15,g,,,,260,7514
g_instead_of_kg,"Mutton Black Pepper (Full)","PRD-00961 Safaid zeerah",10,g,,,,260,7508
g_instead_of_kg,"Mutton Black Pepper (Full)","PRD-01041 Yogurt",150,g,,,,260,7510
g_instead_of_kg,"Mutton Black Pepper (Half)","PRD-00842 Adrak",20,g,,,,157,7497
g_instead_of_kg,"Mutton Black Pepper (Half)","PRD-00748 BLACK PEPPER",10,g,,,,157,7500
g_instead_of_kg,"Mutton Black Pepper (Half)","PRD-00798 CORIENDER (SABZ DHANYA)",15,g,,,,157,7505
g_instead_of_kg,"Mutton Black Pepper (Half)","PRD-00822 Dried coriander(khushk dhanya)",8,g,,,,157,7503
g_instead_of_kg,"Mutton Black Pepper (Half)","PRD-00837 GARAM MASALAH",3,g,,,,157,7499
g_instead_of_kg,"Mutton Black Pepper (Half)","PRD-00846 GREEN CHILLI (SABZ MIRCH)",15,g,,,,157,7502
g_instead_of_kg,"Mutton Black Pepper (Half)","PRD-00838 Leason",20,g,,,,157,7498
g_instead_of_kg,"Mutton Black Pepper (Half)","PRD-00907 MILK PACK CREAM",30,g,,,,157,7495
g_instead_of_kg,"Mutton Black Pepper (Half)","PRD-00918 MUTTON",500,g,,,,157,7492
g_instead_of_kg,"Mutton Black Pepper (Half)","PRD-00925 Piyaz",150,g,,,,157,7493
g_instead_of_kg,"Mutton Black Pepper (Half)","PRD-00962 SALT 800G",8,g,,,,157,7501
g_instead_of_kg,"Mutton Black Pepper (Half)","PRD-00961 Safaid zeerah",5,g,,,,157,7504
g_instead_of_kg,"Mutton Black Pepper (Half)","PRD-01041 Yogurt",80,g,,,,157,7494
g_instead_of_kg,"Mutton Brain Masalah","PRD-00842 Adrak",15,g,,,,93,5322
g_instead_of_kg,"Mutton Brain Masalah","PRD-00798 CORIENDER (SABZ DHANYA)",15,g,,,,93,5330
g_instead_of_kg,"Mutton Brain Masalah","PRD-00822 Dried coriander(khushk dhanya)",10,g,,,,93,5326
g_instead_of_kg,"Mutton Brain Masalah","PRD-00837 GARAM MASALAH",3,g,,,,93,5329
g_instead_of_kg,"Mutton Brain Masalah","PRD-00846 GREEN CHILLI (SABZ MIRCH)",10,g,,,,93,5323
g_instead_of_kg,"Mutton Brain Masalah","PRD-00875 Knorr chicken powder (1kg)",10,g,,,,93,5331
g_instead_of_kg,"Mutton Brain Masalah","PRD-00838 Leason",10,g,,,,93,5320
g_instead_of_kg,"Mutton Brain Masalah","PRD-00925 Piyaz",150,g,,,,93,5319
g_instead_of_kg,"Mutton Brain Masalah","PRD-00958 Red Chilli(1kg)",8,g,,,,93,5325
g_instead_of_kg,"Mutton Brain Masalah","PRD-00962 SALT 800G",8,g,,,,93,5328
g_instead_of_kg,"Mutton Brain Masalah","PRD-00961 Safaid zeerah",10,g,,,,93,5327
g_instead_of_kg,"Mutton Brain Masalah","PRD-01010 TOMATO",150,g,,,,93,5321
g_instead_of_kg,"Mutton Brain Masalah","PRD-01016 Turmeric Powder(1kg)",2,g,,,,93,5332
g_instead_of_kg,"Mutton Brain Masalah","PRD-01041 Yogurt",60,g,,,,93,5324
g_instead_of_kg,"Mutton Karahi (Full)","PRD-00842 Adrak",40,g,,,,259,4658
g_instead_of_kg,"Mutton Karahi (Full)","PRD-00748 BLACK PEPPER",6,g,,,,259,4656
g_instead_of_kg,"Mutton Karahi (Full)","PRD-00798 CORIENDER (SABZ DHANYA)",30,g,,,,259,4652
g_instead_of_kg,"Mutton Karahi (Full)","PRD-00822 Dried coriander(khushk dhanya)",16,g,,,,259,4660
g_instead_of_kg,"Mutton Karahi (Full)","PRD-00837 GARAM MASALAH",8,g,,,,259,4654
g_instead_of_kg,"Mutton Karahi (Full)","PRD-00846 GREEN CHILLI (SABZ MIRCH)",20,g,,,,259,4663
g_instead_of_kg,"Mutton Karahi (Full)","PRD-00838 Leason",40,g,,,,259,4664
g_instead_of_kg,"Mutton Karahi (Full)","PRD-00958 Red Chilli(1kg)",10,g,,,,259,4661
g_instead_of_kg,"Mutton Karahi (Full)","PRD-00962 SALT 800G",16,g,,,,259,4662
g_instead_of_kg,"Mutton Karahi (Full)","PRD-00961 Safaid zeerah",6,g,,,,259,4659
g_instead_of_kg,"Mutton Karahi (Full)","PRD-01010 TOMATO",300,g,,,,259,4653
g_instead_of_kg,"Mutton Karahi (Full)","PRD-01041 Yogurt",100,g,,,,259,4655
g_instead_of_kg,"Mutton Karahi (Half)","PRD-00842 Adrak",20,g,,,,155,3502
g_instead_of_kg,"Mutton Karahi (Half)","PRD-00748 BLACK PEPPER",3,g,,,,155,3509
g_instead_of_kg,"Mutton Karahi (Half)","PRD-00798 CORIENDER (SABZ DHANYA)",15,g,,,,155,3511
g_instead_of_kg,"Mutton Karahi (Half)","PRD-00822 Dried coriander(khushk dhanya)",8,g,,,,155,3507
g_instead_of_kg,"Mutton Karahi (Half)","PRD-00837 GARAM MASALAH",4,g,,,,155,3510
g_instead_of_kg,"Mutton Karahi (Half)","PRD-00846 GREEN CHILLI (SABZ MIRCH)",10,g,,,,155,3504
g_instead_of_kg,"Mutton Karahi (Half)","PRD-00838 Leason",20,g,,,,155,3503
g_instead_of_kg,"Mutton Karahi (Half)","PRD-00918 MUTTON",500,g,,,,155,3498
g_instead_of_kg,"Mutton Karahi (Half)","PRD-00958 Red Chilli(1kg)",5,g,,,,155,3506
g_instead_of_kg,"Mutton Karahi (Half)","PRD-00962 SALT 800G",8,g,,,,155,3505
g_instead_of_kg,"Mutton Karahi (Half)","PRD-00961 Safaid zeerah",3,g,,,,155,3508
g_instead_of_kg,"Mutton Karahi (Half)","PRD-01010 TOMATO",150,g,,,,155,3499
g_instead_of_kg,"Mutton Karahi (Half)","PRD-01041 Yogurt",50,g,,,,155,3500
g_instead_of_kg,"Mutton Kunna (Full)","PRD-00842 Adrak",10,g,,,,336,7293
g_instead_of_kg,"Mutton Kunna (Full)","PRD-00798 CORIENDER (SABZ DHANYA)",10,g,,,,336,7295
g_instead_of_kg,"Mutton Kunna (Full)","PRD-00846 GREEN CHILLI (SABZ MIRCH)",10,g,,,,336,7294
g_instead_of_kg,"Mutton Kunna (Full)","PRD-00875 Knorr chicken powder (1kg)",10,g,,,,336,7291
g_instead_of_kg,"Mutton Kunna (Full)","PRD-00925 Piyaz",150,g,,,,336,7287
g_instead_of_kg,"Mutton Kunna (Full)","PRD-00958 Red Chilli(1kg)",10,g,,,,336,7288
g_instead_of_kg,"Mutton Kunna (Full)","PRD-00962 SALT 800G",18,g,,,,336,7289
g_instead_of_kg,"Mutton Kunna (Full)","PRD-00961 Safaid zeerah",15,g,,,,336,7290
g_instead_of_kg,"Mutton Kunna (Half)","PRD-00842 Adrak",5,g,,,,335,7283
g_instead_of_kg,"Mutton Kunna (Half)","PRD-00798 CORIENDER (SABZ DHANYA)",5,g,,,,335,7285
g_instead_of_kg,"Mutton Kunna (Half)","PRD-00822 Dried coriander(khushk dhanya)",8,g,,,,335,7280
g_instead_of_kg,"Mutton Kunna (Half)","PRD-00846 GREEN CHILLI (SABZ MIRCH)",5,g,,,,335,7284
g_instead_of_kg,"Mutton Kunna (Half)","PRD-00875 Knorr chicken powder (1kg)",5,g,,,,335,7281
g_instead_of_kg,"Mutton Kunna (Half)","PRD-00918 MUTTON",500,g,,,,335,7275
g_instead_of_kg,"Mutton Kunna (Half)","PRD-00925 Piyaz",80,g,,,,335,7276
g_instead_of_kg,"Mutton Kunna (Half)","PRD-00958 Red Chilli(1kg)",5,g,,,,335,7277
g_instead_of_kg,"Mutton Kunna (Half)","PRD-00962 SALT 800G",9,g,,,,335,7278
g_instead_of_kg,"Mutton Kunna (Half)","PRD-00961 Safaid zeerah",8,g,,,,335,7279
g_instead_of_kg,"Mutton Mandi With Rice (Full)","PRD-00723 AJWAIN",5,g,,,,331,7202
g_instead_of_kg,"Mutton Mandi With Rice (Full)","PRD-00945 Alu",30,g,,,,331,7208
g_instead_of_kg,"Mutton Mandi With Rice (Full)","PRD-00782 CHILLI GARLIC(4KG)",5,g,,,,331,7194
g_instead_of_kg,"Mutton Mandi With Rice (Full)","PRD-00775 Chaat masala",10,g,,,,331,7191
g_instead_of_kg,"Mutton Mandi With Rice (Full)","PRD-00802 Crushed chilli(dara mirch)",3,g,,,,331,7195
g_instead_of_kg,"Mutton Mandi With Rice (Full)","PRD-00822 Dried coriander(khushk dhanya)",8,g,,,,331,7198
g_instead_of_kg,"Mutton Mandi With Rice (Full)","PRD-00835 Food colour",1,g,,,,331,7192
g_instead_of_kg,"Mutton Mandi With Rice (Full)","PRD-00837 GARAM MASALAH",3,g,,,,331,7204
g_instead_of_kg,"Mutton Mandi With Rice (Full)","PRD-00864 KAJU",10,g,,,,331,7209
g_instead_of_kg,"Mutton Mandi With Rice (Full)","PRD-00877 KNORR KETCHUP 4KG",10,g,,,,331,7201
g_instead_of_kg,"Mutton Mandi With Rice (Full)","PRD-00873 Kishmish",20,g,,,,331,7210
g_instead_of_kg,"Mutton Mandi With Rice (Full)","PRD-00875 Knorr chicken powder (1kg)",15,g,,,,331,7203
g_instead_of_kg,"Mutton Mandi With Rice (Full)","PRD-00838 Leason",4,g,,,,331,7196
g_instead_of_kg,"Mutton Mandi With Rice (Full)","PRD-00925 Piyaz",80,g,,,,331,7207
g_instead_of_kg,"Mutton Mandi With Rice (Full)","PRD-00958 Red Chilli(1kg)",6,g,,,,331,7205
g_instead_of_kg,"Mutton Mandi With Rice (Full)","PRD-00962 SALT 800G",5,g,,,,331,7193
g_instead_of_kg,"Mutton Mandi With Rice (Full)","PRD-00961 Safaid zeerah",8,g,,,,331,7199
g_instead_of_kg,"Mutton Mandi With Rice (Full)","PRD-00968 Sela Rice",450,g,,,,331,7206
g_instead_of_kg,"Mutton Mandi With Rice (Full)","PRD-01041 Yogurt",50,g,,,,331,7190
g_instead_of_kg,"Mutton Mandi With Rice (Half)","PRD-00723 AJWAIN",2,g,,,,333,7244
g_instead_of_kg,"Mutton Mandi With Rice (Half)","PRD-00945 Alu",30,g,,,,333,7250
g_instead_of_kg,"Mutton Mandi With Rice (Half)","PRD-00782 CHILLI GARLIC(4KG)",3,g,,,,333,7238
g_instead_of_kg,"Mutton Mandi With Rice (Half)","PRD-00775 Chaat masala",5,g,,,,333,7235
g_instead_of_kg,"Mutton Mandi With Rice (Half)","PRD-00802 Crushed chilli(dara mirch)",2,g,,,,333,7239
g_instead_of_kg,"Mutton Mandi With Rice (Half)","PRD-00822 Dried coriander(khushk dhanya)",4,g,,,,333,7240
g_instead_of_kg,"Mutton Mandi With Rice (Half)","PRD-00835 Food colour",1,g,,,,333,7236
g_instead_of_kg,"Mutton Mandi With Rice (Half)","PRD-00837 GARAM MASALAH",2,g,,,,333,7246
g_instead_of_kg,"Mutton Mandi With Rice (Half)","PRD-00864 KAJU",20,g,,,,333,7251
g_instead_of_kg,"Mutton Mandi With Rice (Half)","PRD-00877 KNORR KETCHUP 4KG",5,g,,,,333,7243
g_instead_of_kg,"Mutton Mandi With Rice (Half)","PRD-00873 Kishmish",20,g,,,,333,7252
g_instead_of_kg,"Mutton Mandi With Rice (Half)","PRD-00875 Knorr chicken powder (1kg)",8,g,,,,333,7245
g_instead_of_kg,"Mutton Mandi With Rice (Half)","PRD-00918 MUTTON",500,g,,,,333,7233
g_instead_of_kg,"Mutton Mandi With Rice (Half)","PRD-00925 Piyaz",80,g,,,,333,7249
g_instead_of_kg,"Mutton Mandi With Rice (Half)","PRD-00958 Red Chilli(1kg)",3,g,,,,333,7247
g_instead_of_kg,"Mutton Mandi With Rice (Half)","PRD-00962 SALT 800G",3,g,,,,333,7237
g_instead_of_kg,"Mutton Mandi With Rice (Half)","PRD-00961 Safaid zeerah",4,g,,,,333,7241
g_instead_of_kg,"Mutton Mandi With Rice (Half)","PRD-00968 Sela Rice",250,g,,,,333,7248
g_instead_of_kg,"Mutton Mandi With Rice (Half)","PRD-01041 Yogurt",25,g,,,,333,7234
g_instead_of_kg,"Mutton Namkeen Tikka (8Pcs)","PRD-00748 BLACK PEPPER",10,g,,,,169,3664
g_instead_of_kg,"Mutton Namkeen Tikka (8Pcs)","PRD-00882 LEMON (LEMU)",15,g,,,,169,3660
g_instead_of_kg,"Mutton Namkeen Tikka (8Pcs)","PRD-00918 MUTTON",1000,g,,,,169,3659
g_instead_of_kg,"Mutton Namkeen Tikka (8Pcs)","PRD-00925 Piyaz",25,g,,,,169,3663
g_instead_of_kg,"Mutton Namkeen Tikka (8Pcs)","PRD-00962 SALT 800G",8,g,,,,169,3661
g_instead_of_kg,"Mutton Qeema (Half)","PRD-00842 Adrak",20,g,,,,258,4647
g_instead_of_kg,"Mutton Qeema (Half)","PRD-00748 BLACK PEPPER",2,g,,,,258,4644
g_instead_of_kg,"Mutton Qeema (Half)","PRD-00798 CORIENDER (SABZ DHANYA)",15,g,,,,258,4640
g_instead_of_kg,"Mutton Qeema (Half)","PRD-00822 Dried coriander(khushk dhanya)",5,g,,,,258,4650
g_instead_of_kg,"Mutton Qeema (Half)","PRD-00837 GARAM MASALAH",3,g,,,,258,4648
g_instead_of_kg,"Mutton Qeema (Half)","PRD-00846 GREEN CHILLI (SABZ MIRCH)",5,g,,,,258,4642
g_instead_of_kg,"Mutton Qeema (Half)","PRD-00838 Leason",20,g,,,,258,4646
g_instead_of_kg,"Mutton Qeema (Half)","PRD-00918 MUTTON",500,g,,,,258,4639
g_instead_of_kg,"Mutton Qeema (Half)","PRD-01010 TOMATO",100,g,,,,258,4641
g_instead_of_kg,"Mutton Qeema (Half)","PRD-01016 Turmeric Powder(1kg)",2,g,,,,258,4649
g_instead_of_kg,"Mutton Qeema (Half)","PRD-01041 Yogurt",80,g,,,,258,4643
g_instead_of_kg,"Mutton Ribs With Rice (Full)","PRD-00723 AJWAIN",2,g,,,,330,7180
g_instead_of_kg,"Mutton Ribs With Rice (Full)","PRD-00945 Alu",30,g,,,,330,7186
g_instead_of_kg,"Mutton Ribs With Rice (Full)","PRD-00782 CHILLI GARLIC(4KG)",3,g,,,,330,7173
g_instead_of_kg,"Mutton Ribs With Rice (Full)","PRD-00775 Chaat masala",5,g,,,,330,7170
g_instead_of_kg,"Mutton Ribs With Rice (Full)","PRD-00802 Crushed chilli(dara mirch)",2,g,,,,330,7174
g_instead_of_kg,"Mutton Ribs With Rice (Full)","PRD-00822 Dried coriander(khushk dhanya)",4,g,,,,330,7176
g_instead_of_kg,"Mutton Ribs With Rice (Full)","PRD-00835 Food colour",1,g,,,,330,7172
g_instead_of_kg,"Mutton Ribs With Rice (Full)","PRD-00837 GARAM MASALAH",2,g,,,,330,7182
g_instead_of_kg,"Mutton Ribs With Rice (Full)","PRD-00864 KAJU",20,g,,,,330,7187
g_instead_of_kg,"Mutton Ribs With Rice (Full)","PRD-00877 KNORR KETCHUP 4KG",5,g,,,,330,7179
g_instead_of_kg,"Mutton Ribs With Rice (Full)","PRD-00873 Kishmish",20,g,,,,330,7188
g_instead_of_kg,"Mutton Ribs With Rice (Full)","PRD-00875 Knorr chicken powder (1kg)",8,g,,,,330,7181
g_instead_of_kg,"Mutton Ribs With Rice (Full)","PRD-00838 Leason",2,g,,,,330,7175
g_instead_of_kg,"Mutton Ribs With Rice (Full)","PRD-00918 MUTTON",1000,g,,,,330,7168
g_instead_of_kg,"Mutton Ribs With Rice (Full)","PRD-00925 Piyaz",80,g,,,,330,7185
g_instead_of_kg,"Mutton Ribs With Rice (Full)","PRD-00958 Red Chilli(1kg)",3,g,,,,330,7183
g_instead_of_kg,"Mutton Ribs With Rice (Full)","PRD-00962 SALT 800G",3,g,,,,330,7171
g_instead_of_kg,"Mutton Ribs With Rice (Full)","PRD-00961 Safaid zeerah",4,g,,,,330,7177
g_instead_of_kg,"Mutton Ribs With Rice (Full)","PRD-00968 Sela Rice",250,g,,,,330,7184
g_instead_of_kg,"Mutton Ribs With Rice (Full)","PRD-01041 Yogurt",25,g,,,,330,7169
g_instead_of_kg,"Mutton Shank Karahi (Full)","PRD-00842 Adrak",40,g,,,,257,4634
g_instead_of_kg,"Mutton Shank Karahi (Full)","PRD-00748 BLACK PEPPER",6,g,,,,257,4627
g_instead_of_kg,"Mutton Shank Karahi (Full)","PRD-00798 CORIENDER (SABZ DHANYA)",30,g,,,,257,4638
g_instead_of_kg,"Mutton Shank Karahi (Full)","PRD-00837 GARAM MASALAH",6,g,,,,257,4629
g_instead_of_kg,"Mutton Shank Karahi (Full)","PRD-00846 GREEN CHILLI (SABZ MIRCH)",15,g,,,,257,4635
g_instead_of_kg,"Mutton Shank Karahi (Full)","PRD-00838 Leason",40,g,,,,257,4632
g_instead_of_kg,"Mutton Shank Karahi (Full)","PRD-00925 Piyaz",200,g,,,,257,4626
g_instead_of_kg,"Mutton Shank Karahi (Full)","PRD-00958 Red Chilli(1kg)",10,g,,,,257,4633
g_instead_of_kg,"Mutton Shank Karahi (Full)","PRD-00962 SALT 800G",15,g,,,,257,4637
g_instead_of_kg,"Mutton Shank Karahi (Full)","PRD-00961 Safaid zeerah",8,g,,,,257,4631
g_instead_of_kg,"Mutton Shank Karahi (Full)","PRD-01016 Turmeric Powder(1kg)",4,g,,,,257,4636
g_instead_of_kg,"Mutton Shank Karahi (Full)","PRD-01041 Yogurt",150,g,,,,257,4628
g_instead_of_kg,"Mutton Shanwari Karahi (Full)","PRD-00842 Adrak",10,g,,,,255,4618
g_instead_of_kg,"Mutton Shanwari Karahi (Full)","PRD-00748 BLACK PEPPER",10,g,,,,255,4615
g_instead_of_kg,"Mutton Shanwari Karahi (Full)","PRD-00822 Dried coriander(khushk dhanya)",10,g,,,,255,4617
g_instead_of_kg,"Mutton Shanwari Karahi (Full)","PRD-00838 Leason",15,g,,,,255,4614
g_instead_of_kg,"Mutton Shanwari Karahi (Full)","PRD-00962 SALT 800G",15,g,,,,255,4616
g_instead_of_kg,"Mutton Shanwari Karahi (Full)","PRD-01010 TOMATO",500,g,,,,255,4612
g_instead_of_kg,"Mutton Shanwari Karahi (Half)","PRD-00842 Adrak",5,g,,,,159,3551
g_instead_of_kg,"Mutton Shanwari Karahi (Half)","PRD-00748 BLACK PEPPER",5,g,,,,159,3548
g_instead_of_kg,"Mutton Shanwari Karahi (Half)","PRD-00822 Dried coriander(khushk dhanya)",5,g,,,,159,3550
g_instead_of_kg,"Mutton Shanwari Karahi (Half)","PRD-00838 Leason",8,g,,,,159,3547
g_instead_of_kg,"Mutton Shanwari Karahi (Half)","PRD-00918 MUTTON",500,g,,,,159,3544
g_instead_of_kg,"Mutton Shanwari Karahi (Half)","PRD-00962 SALT 800G",8,g,,,,159,3549
g_instead_of_kg,"Mutton Shanwari Karahi (Half)","PRD-01010 TOMATO",250,g,,,,159,3545
g_instead_of_kg,"Mutton Sulemani Karahi (Full)","PRD-00842 Adrak",30,g,,,,256,4620
g_instead_of_kg,"Mutton Sulemani Karahi (Full)","PRD-00748 BLACK PEPPER",5,g,,,,256,4622
g_instead_of_kg,"Mutton Sulemani Karahi (Full)","PRD-00846 GREEN CHILLI (SABZ MIRCH)",20,g,,,,256,4623
g_instead_of_kg,"Mutton Sulemani Karahi (Full)","PRD-00962 SALT 800G",15,g,,,,256,4621
g_instead_of_kg,"Mutton Sulemani Karahi (Half)","PRD-00842 Adrak",15,g,,,,158,3539
g_instead_of_kg,"Mutton Sulemani Karahi (Half)","PRD-00748 BLACK PEPPER",3,g,,,,158,3541
g_instead_of_kg,"Mutton Sulemani Karahi (Half)","PRD-00846 GREEN CHILLI (SABZ MIRCH)",10,g,,,,158,3542
g_instead_of_kg,"Mutton Sulemani Karahi (Half)","PRD-00918 MUTTON",500,g,,,,158,3538
g_instead_of_kg,"Mutton Sulemani Karahi (Half)","PRD-00962 SALT 800G",8,g,,,,158,3540
g_instead_of_kg,"Mutton White Karahi (Half)","PRD-00725 ALMOND",5,g,,,,156,3515
g_instead_of_kg,"Mutton White Karahi (Half)","PRD-00842 Adrak",20,g,,,,156,3517
g_instead_of_kg,"Mutton White Karahi (Half)","PRD-00822 Dried coriander(khushk dhanya)",8,g,,,,156,3520
g_instead_of_kg,"Mutton White Karahi (Half)","PRD-00837 GARAM MASALAH",3,g,,,,156,3522
g_instead_of_kg,"Mutton White Karahi (Half)","PRD-00838 Leason",20,g,,,,156,3516
g_instead_of_kg,"Mutton White Karahi (Half)","PRD-00907 MILK PACK CREAM",60,g,,,,156,3514
g_instead_of_kg,"Mutton White Karahi (Half)","PRD-00918 MUTTON",500,g,,,,156,3512
g_instead_of_kg,"Mutton White Karahi (Half)","PRD-00925 Piyaz",150,g,,,,156,3513
g_instead_of_kg,"Mutton White Karahi (Half)","PRD-00962 SALT 800G",8,g,,,,156,3523
g_instead_of_kg,"Mutton White Karahi (Half)","PRD-00961 Safaid zeerah",5,g,,,,156,3521
g_instead_of_kg,"Mutton White Karahi (Half)","PRD-01028 White pepper",5,g,,,,156,3519
g_instead_of_kg,"Nadar Shahi Boti (8Pcs)","PRD-00725 ALMOND",15,g,,,,161,3567
g_instead_of_kg,"Nadar Shahi Boti (8Pcs)","PRD-00803 CUCUMBER(KHEERA)",20,g,,,,161,3568
g_instead_of_kg,"Nadar Shahi Boti (8Pcs)","PRD-00771 Cardamom(sabz ilaichi)",2,g,,,,161,3574
g_instead_of_kg,"Nadar Shahi Boti (8Pcs)","PRD-00777 Chicken Karahi",700,g,,,,161,3566
g_instead_of_kg,"Nadar Shahi Boti (8Pcs)","PRD-00846 GREEN CHILLI (SABZ MIRCH)",15,g,,,,161,3570
g_instead_of_kg,"Nadar Shahi Boti (8Pcs)","PRD-00861 JALWATRI",2,g,,,,161,3573
g_instead_of_kg,"Nadar Shahi Boti (8Pcs)","PRD-00838 Leason",10,g,,,,161,3571
g_instead_of_kg,"Nadar Shahi Boti (8Pcs)","PRD-00907 MILK PACK CREAM",20,g,,,,161,3569
g_instead_of_kg,"Nadar Shahi Boti (8Pcs)","PRD-00962 SALT 800G",10,g,,,,161,3576
g_instead_of_kg,"Nadar Shahi Boti (8Pcs)","PRD-00961 Safaid zeerah",4,g,,,,161,3575
g_instead_of_kg,"Nadar Shahi Boti (8Pcs)","PRD-01028 White pepper",6,g,,,,161,3572
g_instead_of_kg,"Penne Pasta (White & Red)","PRD-00759 Butter",10,g,,,,108,5455
g_instead_of_kg,"Penne Pasta (White & Red)","PRD-00777 Chicken Karahi",100,g,,,,108,5454
g_instead_of_kg,"Penne Pasta (White & Red)","PRD-00802 Crushed chilli(dara mirch)",5,g,,,,108,5460
g_instead_of_kg,"Penne Pasta (White & Red)","PRD-00875 Knorr chicken powder (1kg)",10,g,,,,108,5462
g_instead_of_kg,"Penne Pasta (White & Red)","PRD-00838 Leason",10,g,,,,108,5453
g_instead_of_kg,"Penne Pasta (White & Red)","PRD-00907 MILK PACK CREAM",100,g,,,,108,5456
g_instead_of_kg,"Penne Pasta (White & Red)","PRD-00908 MILK PACK NESTLE (1LITER)",100,g,,,,108,5464
g_instead_of_kg,"Penne Pasta (White & Red)","PRD-00915 Mozzarella cheese",30,g,,,,108,5465
g_instead_of_kg,"Penne Pasta (White & Red)","PRD-00926 Oregano(500g)",2,g,,,,108,5458
g_instead_of_kg,"Penne Pasta (White & Red)","PRD-00932 Pantanella Pasta(500g)",90,g,,,,108,5463
g_instead_of_kg,"Penne Pasta (White & Red)","PRD-00962 SALT 800G",3,g,,,,108,5461
g_instead_of_kg,"Penne Pasta (White & Red)","PRD-00768 SHIMLA MIRCH",5,g,,,,108,5457
g_instead_of_kg,"Penne Pasta (White & Red)","PRD-01010 TOMATO",50,g,,,,108,5459
g_instead_of_kg,"Penne Pasta (White & Red)","PRD-01011 TOMATO PASTE",50,g,,,,108,5466
g_instead_of_kg,"Perry Perry Bites (6Pcs)","PRD-00752 Bread Crumbs(1kg)",80,g,,,,117,5504
g_instead_of_kg,"Perry Perry Bites (6Pcs)","PRD-00846 GREEN CHILLI (SABZ MIRCH)",20,g,,,,117,5508
g_instead_of_kg,"Perry Perry Bites (6Pcs)","PRD-00875 Knorr chicken powder (1kg)",3,g,,,,117,5506
g_instead_of_kg,"Perry Perry Bites (6Pcs)","PRD-00895 Maida",50,g,,,,117,5503
g_instead_of_kg,"Perry Perry Bites (6Pcs)","PRD-00915 Mozzarella cheese",100,g,,,,117,5509
g_instead_of_kg,"Perry Perry Bites (6Pcs)","PRD-00962 SALT 800G",2,g,,,,117,5505
g_instead_of_kg,"Plain Naan","PRD-00830 FINE 20KG",80,g,,,,72,6929
g_instead_of_kg,"Plain Naan","PRD-00962 SALT 800G",1,g,,,,72,6932
g_instead_of_kg,"Plain Naan","PRD-00990 Sugar",1.5,g,,,,72,6931
g_instead_of_kg,"Plain Naan","PRD-01036 Yeast(500g)",1.5,g,,,,72,6930
g_instead_of_kg,"Plain Naan","PRD-01041 Yogurt",10,g,,,,72,6933
g_instead_of_kg,"Prawn Dynamite","PRD-00739 BASPATI RICE",160,g,,,,103,5382
g_instead_of_kg,"Prawn Dynamite","PRD-00803 CUCUMBER(KHEERA)",30,g,,,,103,5383
g_instead_of_kg,"Prawn Dynamite","PRD-00849 HONEY(1kg)",10,g,,,,103,5389
g_instead_of_kg,"Prawn Dynamite","PRD-00947 PRAWNS",100,g,,,,103,5388
g_instead_of_kg,"Prawn Dynamite","PRD-00954 Real mayo 4KG",60,g,,,,103,5384
g_instead_of_kg,"Prawn Dynamite","PRD-00987 SUFAID TIL",5,g,,,,103,5387
g_instead_of_kg,"Prawn Dynamite","PRD-00980 Sriracha sauce",30,g,,,,103,5385
g_instead_of_kg,"Prawn Nigri","PRD-00739 BASPATI RICE",160,g,,,,102,5370
g_instead_of_kg,"Prawn Nigri","PRD-00947 PRAWNS",100,g,,,,102,5374
g_instead_of_kg,"Prawn Nigri","PRD-00962 SALT 800G",2,g,,,,102,5372
g_instead_of_kg,"Prawn Nigri","PRD-00990 Sugar",10,g,,,,102,5371
g_instead_of_kg,"Prawn Tempura","PRD-00799 Corn Floor",15,g,,,,110,7348
g_instead_of_kg,"Prawn Tempura","PRD-00875 Knorr chicken powder (1kg)",2,g,,,,110,7350
g_instead_of_kg,"Prawn Tempura","PRD-00947 PRAWNS",400,g,,,,110,7352
g_instead_of_kg,"Prawn Tempura","PRD-00962 SALT 800G",2,g,,,,110,7347
g_instead_of_kg,"Prawn Tempura","PRD-01000 Tempura Flour(1kg)",100,g,,,,110,7353
g_instead_of_kg,"Prawn Tempura","PRD-01028 White pepper",2,g,,,,110,7349
g_instead_of_kg,"Roghni Naan","PRD-00827 Everyday Powder(1kg)",15,g,,,,71,6901
g_instead_of_kg,"Roghni Naan","PRD-00830 FINE 20KG",80,g,,,,71,6894
g_instead_of_kg,"Roghni Naan","PRD-00962 SALT 800G",1,g,,,,71,6897
g_instead_of_kg,"Roghni Naan","PRD-00987 SUFAID TIL",10,g,,,,71,6899
g_instead_of_kg,"Roghni Naan","PRD-00990 Sugar",1.5,g,,,,71,6896
g_instead_of_kg,"Roghni Naan","PRD-01036 Yeast(500g)",1.5,g,,,,71,6895
g_instead_of_kg,"Roghni Naan","PRD-01041 Yogurt",10,g,,,,71,6898
g_instead_of_kg,"Roti (Per Head)","PRD-00815 Desi flour(20kg)",50,g,,,,73,2609
g_instead_of_kg,"Roti (Per Head)","PRD-00962 SALT 800G",1,g,,,,73,2610
g_instead_of_kg,"Royal Rib - Eye Steak","PRD-00842 Adrak",25,g,,,,302,5093
g_instead_of_kg,"Royal Rib - Eye Steak","PRD-00759 Butter",40,g,,,,302,5092
g_instead_of_kg,"Royal Rib - Eye Steak","PRD-00802 Crushed chilli(dara mirch)",10,g,,,,302,5101
g_instead_of_kg,"Royal Rib - Eye Steak","PRD-00875 Knorr chicken powder (1kg)",15,g,,,,302,5094
g_instead_of_kg,"Royal Rib - Eye Steak","PRD-00907 MILK PACK CREAM",150,g,,,,302,5097
g_instead_of_kg,"Royal Rib - Eye Steak","PRD-00908 MILK PACK NESTLE (1LITER)",120,g,,,,302,5098
g_instead_of_kg,"Royal Rib - Eye Steak","PRD-00926 Oregano(500g)",3,g,,,,302,5096
g_instead_of_kg,"Royal Rib - Eye Steak","PRD-00962 SALT 800G",5,g,,,,302,5095
g_instead_of_kg,"Royal Rib - Eye Steak","PRD-01010 TOMATO",100,g,,,,302,5099
g_instead_of_kg,"Royal Rib - Eye Steak","PRD-01028 White pepper",10,g,,,,302,5100
g_instead_of_kg,"Russian Salad","PRD-00725 ALMOND",8,g,,,,287,6652
g_instead_of_kg,"Russian Salad","PRD-00729 APPLE",120,g,,,,287,6654
g_instead_of_kg,"Russian Salad","PRD-00790 Cocktail mixfruit(2800g)",40,g,,,,287,6656
g_instead_of_kg,"Russian Salad","PRD-00821 Dressing Mayo(2 liter)",50,g,,,,287,6650
g_instead_of_kg,"Russian Salad","PRD-00858 Icing Sugar",10,g,,,,287,6655
g_instead_of_kg,"Russian Salad","PRD-00873 Kishmish",8,g,,,,287,6653
g_instead_of_kg,"Russian Salad","PRD-00907 MILK PACK CREAM",20,g,,,,287,6651
g_instead_of_kg,"Russian Salad","PRD-00957 RED CHERRY",8,g,,,,287,6657
g_instead_of_kg,"Sesame Fried Chicken (Family)","PRD-00777 Chicken Karahi",500,g,,,,314,5702
g_instead_of_kg,"Sesame Fried Chicken (Family)","PRD-00799 Corn Floor",80,g,,,,314,5704
g_instead_of_kg,"Sesame Fried Chicken (Family)","PRD-00848 Green onion",15,g,,,,314,5707
g_instead_of_kg,"Sesame Fried Chicken (Family)","PRD-00877 KNORR KETCHUP 4KG",100,g,,,,314,5705
g_instead_of_kg,"Sesame Fried Chicken (Family)","PRD-00875 Knorr chicken powder (1kg)",10,g,,,,314,5710
g_instead_of_kg,"Sesame Fried Chicken (Family)","PRD-00838 Leason",15,g,,,,314,5712
g_instead_of_kg,"Sesame Fried Chicken (Family)","PRD-00928 OYSTER SAUCE(4.2 kg)",20,g,,,,314,5706
g_instead_of_kg,"Sesame Fried Chicken (Family)","PRD-00958 Red Chilli(1kg)",5,g,,,,314,5711
g_instead_of_kg,"Sesame Fried Chicken (Family)","PRD-00990 Sugar",25,g,,,,314,5709
g_instead_of_kg,"Sesame Fried Chicken (Single)","PRD-00748 BLACK PEPPER",3,g,,,,124,5556
g_instead_of_kg,"Sesame Fried Chicken (Single)","PRD-00777 Chicken Karahi",120,g,,,,124,5548
g_instead_of_kg,"Sesame Fried Chicken (Single)","PRD-00799 Corn Floor",15,g,,,,124,5550
g_instead_of_kg,"Sesame Fried Chicken (Single)","PRD-00877 KNORR KETCHUP 4KG",20,g,,,,124,5551
g_instead_of_kg,"Sesame Fried Chicken (Single)","PRD-00875 Knorr chicken powder (1kg)",8,g,,,,124,5553
g_instead_of_kg,"Sesame Fried Chicken (Single)","PRD-00928 OYSTER SAUCE(4.2 kg)",5,g,,,,124,5557
g_instead_of_kg,"Sesame Fried Chicken (Single)","PRD-00958 Red Chilli(1kg)",3,g,,,,124,5554
g_instead_of_kg,"Sesame Fried Chicken (Single)","PRD-00962 SALT 800G",2,g,,,,124,5555
g_instead_of_kg,"Sesame Fried Chicken (Single)","PRD-00990 Sugar",10,g,,,,124,5552
g_instead_of_kg,"Shahi Tikka (8Pcs)","PRD-00748 BLACK PEPPER",4,g,,,,150,3447
g_instead_of_kg,"Shahi Tikka (8Pcs)","PRD-00837 GARAM MASALAH",30,g,,,,150,3444
g_instead_of_kg,"Shahi Tikka (8Pcs)","PRD-00864 KAJU",30,g,,,,150,3441
g_instead_of_kg,"Shahi Tikka (8Pcs)","PRD-00882 LEMON (LEMU)",25,g,,,,150,3443
g_instead_of_kg,"Shahi Tikka (8Pcs)","PRD-00838 Leason",30,g,,,,150,3442
g_instead_of_kg,"Shahi Tikka (8Pcs)","PRD-00907 MILK PACK CREAM",50,g,,,,150,3440
g_instead_of_kg,"Shahi Tikka (8Pcs)","PRD-00958 Red Chilli(1kg)",6,g,,,,150,3446
g_instead_of_kg,"Shahi Tikka (8Pcs)","PRD-00962 SALT 800G",10,g,,,,150,3445
g_instead_of_kg,"Shahi Tikka (8Pcs)","PRD-01002 THAI PIECE CHICKEN",600,g,,,,150,3439
g_instead_of_kg,"Shanwari Namkeen Chops (8Pcs)","PRD-00842 Adrak",6,g,,,,170,3670
g_instead_of_kg,"Shanwari Namkeen Chops (8Pcs)","PRD-00759 Butter",40,g,,,,170,3668
g_instead_of_kg,"Shanwari Namkeen Chops (8Pcs)","PRD-00846 GREEN CHILLI (SABZ MIRCH)",10,g,,,,170,3669
g_instead_of_kg,"Shanwari Namkeen Chops (8Pcs)","PRD-00882 LEMON (LEMU)",30,g,,,,170,3666
g_instead_of_kg,"Shanwari Namkeen Chops (8Pcs)","PRD-00838 Leason",15,g,,,,170,3667
g_instead_of_kg,"Shanwari Namkeen Chops (8Pcs)","PRD-00962 SALT 800G",10,g,,,,170,3665
g_instead_of_kg,"Signature Cheese Roll (2Pcs)","PRD-00752 Bread Crumbs(1kg)",80,g,,,,116,5493
g_instead_of_kg,"Signature Cheese Roll (2Pcs)","PRD-00777 Chicken Karahi",150,g,,,,116,5496
g_instead_of_kg,"Signature Cheese Roll (2Pcs)","PRD-00802 Crushed chilli(dara mirch)",4,g,,,,116,5498
g_instead_of_kg,"Signature Cheese Roll (2Pcs)","PRD-00860 Jalapeno",5,g,,,,116,5500
g_instead_of_kg,"Signature Cheese Roll (2Pcs)","PRD-00895 Maida",20,g,,,,116,5492
g_instead_of_kg,"Signature Cheese Roll (2Pcs)","PRD-00915 Mozzarella cheese",150,g,,,,116,5501
g_instead_of_kg,"Signature Cheese Roll (2Pcs)","PRD-00926 Oregano(500g)",1,g,,,,116,5497
g_instead_of_kg,"Signature Cheese Roll (2Pcs)","PRD-00962 SALT 800G",2,g,,,,116,5495
g_instead_of_kg,"Signature Cheese Roll (2Pcs)","PRD-00768 SHIMLA MIRCH",10,g,,,,116,5494
g_instead_of_kg,"Signature Fast Food (3–4 Persons)","PRD-00748 BLACK PEPPER",10,g,,,,321,7056
g_instead_of_kg,"Signature Fast Food (3–4 Persons)","PRD-00751 BONE LESS CHICKEN",120,g,,,,321,7045
g_instead_of_kg,"Signature Fast Food (3–4 Persons)","PRD-00803 CUCUMBER(KHEERA)",80,g,,,,321,7051
g_instead_of_kg,"Signature Fast Food (3–4 Persons)","PRD-00779 Chicken Tikka Masala(1kg)",10,g,,,,321,7060
g_instead_of_kg,"Signature Fast Food (3–4 Persons)","PRD-00825 Eka_300 Powder(500g)",1,g,,,,321,7039
g_instead_of_kg,"Signature Fast Food (3–4 Persons)","PRD-00827 Everyday Powder(1kg)",3,g,,,,321,7041
g_instead_of_kg,"Signature Fast Food (3–4 Persons)","PRD-00720 Fries 2.5kg",450,g,,,,321,7046
g_instead_of_kg,"Signature Fast Food (3–4 Persons)","PRD-00877 KNORR KETCHUP 4KG",30,g,,,,321,7055
g_instead_of_kg,"Signature Fast Food (3–4 Persons)","PRD-00875 Knorr chicken powder (1kg)",15,g,,,,321,7059
g_instead_of_kg,"Signature Fast Food (3–4 Persons)","PRD-00895 Maida",200,g,,,,321,7037
g_instead_of_kg,"Signature Fast Food (3–4 Persons)","PRD-00915 Mozzarella cheese",120,g,,,,321,7042
g_instead_of_kg,"Signature Fast Food (3–4 Persons)","PRD-00954 Real mayo 4KG",100,g,,,,321,7054
g_instead_of_kg,"Signature Fast Food (3–4 Persons)","PRD-00962 SALT 800G",10,g,,,,321,7058
g_instead_of_kg,"Signature Fast Food (3–4 Persons)","PRD-00980 Sriracha sauce",6,g,,,,321,7061
g_instead_of_kg,"Signature Fast Food (3–4 Persons)","PRD-00990 Sugar",1,g,,,,321,7040
g_instead_of_kg,"Signature Fast Food (3–4 Persons)","PRD-01002 THAI PIECE CHICKEN",120,g,,,,321,7043
g_instead_of_kg,"Signature Fast Food (3–4 Persons)","PRD-01010 TOMATO",20,g,,,,321,7052
g_instead_of_kg,"Signature Fast Food (3–4 Persons)","PRD-01028 White pepper",10,g,,,,321,7057
g_instead_of_kg,"Signature Fast Food (3–4 Persons)","PRD-01036 Yeast(500g)",2,g,,,,321,7038
g_instead_of_kg,"Signature Salad","PRD-00725 ALMOND",5,g,,,,282,6663
g_instead_of_kg,"Signature Salad","PRD-00729 APPLE",30,g,,,,282,6670
g_instead_of_kg,"Signature Salad","PRD-00748 BLACK PEPPER",2,g,,,,282,6668
g_instead_of_kg,"Signature Salad","PRD-00753 BROCCOLI (SABZ GHOBHI)",15,g,,,,282,6660
g_instead_of_kg,"Signature Salad","PRD-00747 Black Olive (3kg)",6,g,,,,282,6671
g_instead_of_kg,"Signature Salad","PRD-00803 CUCUMBER(KHEERA)",25,g,,,,282,6659
g_instead_of_kg,"Signature Salad","PRD-00777 Chicken Karahi",120,g,,,,282,6666
g_instead_of_kg,"Signature Salad","PRD-00857 Iceberg(salad patta)",20,g,,,,282,6658
g_instead_of_kg,"Signature Salad","PRD-00864 KAJU",5,g,,,,282,6664
g_instead_of_kg,"Signature Salad","PRD-00873 Kishmish",5,g,,,,282,6665
g_instead_of_kg,"Signature Salad","PRD-00882 LEMON (LEMU)",5,g,,,,282,6669
g_instead_of_kg,"Signature Salad","PRD-00962 SALT 800G",2,g,,,,282,6667
g_instead_of_kg,"Signature Salad","PRD-00768 SHIMLA MIRCH",10,g,,,,282,6661
g_instead_of_kg,"Signature Salad","PRD-01010 TOMATO",20,g,,,,282,6662
g_instead_of_kg,"Sikandri  Tikka (8Pcs)","PRD-00725 ALMOND",20,g,,,,165,3613
g_instead_of_kg,"Sikandri  Tikka (8Pcs)","PRD-00777 Chicken Karahi",650,g,,,,165,3612
g_instead_of_kg,"Sikandri  Tikka (8Pcs)","PRD-00802 Crushed chilli(dara mirch)",8,g,,,,165,3618
g_instead_of_kg,"Sikandri  Tikka (8Pcs)","PRD-00822 Dried coriander(khushk dhanya)",10,g,,,,165,3619
g_instead_of_kg,"Sikandri  Tikka (8Pcs)","PRD-00837 GARAM MASALAH",5,g,,,,165,3620
g_instead_of_kg,"Sikandri  Tikka (8Pcs)","PRD-00846 GREEN CHILLI (SABZ MIRCH)",10,g,,,,165,3614
g_instead_of_kg,"Sikandri  Tikka (8Pcs)","PRD-00875 Knorr chicken powder (1kg)",15,g,,,,165,3622
g_instead_of_kg,"Sikandri  Tikka (8Pcs)","PRD-00882 LEMON (LEMU)",20,g,,,,165,3615
g_instead_of_kg,"Sikandri  Tikka (8Pcs)","PRD-00838 Leason",20,g,,,,165,3616
g_instead_of_kg,"Sikandri  Tikka (8Pcs)","PRD-00925 Piyaz",25,g,,,,165,3625
g_instead_of_kg,"Sikandri  Tikka (8Pcs)","PRD-00958 Red Chilli(1kg)",5,g,,,,165,3617
g_instead_of_kg,"Sikandri  Tikka (8Pcs)","PRD-00962 SALT 800G",7,g,,,,165,3621
g_instead_of_kg,"Sikandri  Tikka (8Pcs)","PRD-00768 SHIMLA MIRCH",20,g,,,,165,3624
g_instead_of_kg,"Sikandri  Tikka (8Pcs)","PRD-01010 TOMATO",15,g,,,,165,3626
g_instead_of_kg,"Sikandri Kebab (4Pcs)","PRD-00842 Adrak",6,g,,,,147,3412
g_instead_of_kg,"Sikandri Kebab (4Pcs)","PRD-00759 Butter",10,g,,,,147,3414
g_instead_of_kg,"Sikandri Kebab (4Pcs)","PRD-00837 GARAM MASALAH",3,g,,,,147,3417
g_instead_of_kg,"Sikandri Kebab (4Pcs)","PRD-00846 GREEN CHILLI (SABZ MIRCH)",6,g,,,,147,3413
g_instead_of_kg,"Sikandri Kebab (4Pcs)","PRD-00859 JAIFEL",2,g,,,,147,3419
g_instead_of_kg,"Sikandri Kebab (4Pcs)","PRD-00861 JALWATRI",2,g,,,,147,3420
g_instead_of_kg,"Sikandri Kebab (4Pcs)","PRD-00838 Leason",6,g,,,,147,3411
g_instead_of_kg,"Sikandri Kebab (4Pcs)","PRD-00925 Piyaz",30,g,,,,147,3410
g_instead_of_kg,"Sikandri Kebab (4Pcs)","PRD-00958 Red Chilli(1kg)",5,g,,,,147,3416
g_instead_of_kg,"Sikandri Kebab (4Pcs)","PRD-00962 SALT 800G",5,g,,,,147,3415
g_instead_of_kg,"Sikandri Kebab (4Pcs)","PRD-00961 Safaid zeerah",3,g,,,,147,3418
g_instead_of_kg,"Smart Individual","PRD-00842 Adrak",2,g,,,,322,6984
g_instead_of_kg,"Smart Individual","PRD-00751 BONE LESS CHICKEN",400,g,,,,322,6960
g_instead_of_kg,"Smart Individual","PRD-00753 BROCCOLI (SABZ GHOBHI)",10,g,,,,322,6972
g_instead_of_kg,"Smart Individual","PRD-00752 Bread Crumbs(1kg)",10,g,,,,322,6978
g_instead_of_kg,"Smart Individual","PRD-00772 CARROT(GAJER)",10,g,,,,322,6974
g_instead_of_kg,"Smart Individual","PRD-00799 Corn Floor",5,g,,,,322,6969
g_instead_of_kg,"Smart Individual","PRD-00832 FISH SAUCE(500ml)",2,g,,,,322,6980
g_instead_of_kg,"Smart Individual","PRD-00836 FRESH BEANS",5,g,,,,322,6973
g_instead_of_kg,"Smart Individual","PRD-00846 GREEN CHILLI (SABZ MIRCH)",5,g,,,,322,6983
g_instead_of_kg,"Smart Individual","PRD-00848 Green onion",5,g,,,,322,6976
g_instead_of_kg,"Smart Individual","PRD-00877 KNORR KETCHUP 4KG",5,g,,,,322,6985
g_instead_of_kg,"Smart Individual","PRD-00875 Knorr chicken powder (1kg)",15,g,,,,322,6963
g_instead_of_kg,"Smart Individual","PRD-00907 MILK PACK CREAM",30,g,,,,322,6970
g_instead_of_kg,"Smart Individual","PRD-00917 MUSTARD PASTE 3KG",15,g,,,,322,6961
g_instead_of_kg,"Smart Individual","PRD-00895 Maida",5,g,,,,322,6968
g_instead_of_kg,"Smart Individual","PRD-00915 Mozzarella cheese",50,g,,,,322,6966
g_instead_of_kg,"Smart Individual","PRD-00928 OYSTER SAUCE(4.2 kg)",5,g,,,,322,6979
g_instead_of_kg,"Smart Individual","PRD-00962 SALT 800G",5,g,,,,322,6962
g_instead_of_kg,"Smart Individual","PRD-00768 SHIMLA MIRCH",8,g,,,,322,6975
g_instead_of_kg,"Smart Individual","PRD-00968 Sela Rice",120,g,,,,322,6965
g_instead_of_kg,"Smart Individual","PRD-01010 TOMATO",10,g,,,,322,6967
g_instead_of_kg,"Smart Individual","PRD-01042 ZAKUNI",15,g,,,,322,6971
g_instead_of_kg,"Smoked  Salmon & Creamy","PRD-00739 BASPATI RICE",160,g,,,,101,5362
g_instead_of_kg,"Smoked  Salmon & Creamy","PRD-00803 CUCUMBER(KHEERA)",30,g,,,,101,5366
g_instead_of_kg,"Smoked  Salmon & Creamy","PRD-00833 FISH(MACHLI)",120,g,,,,101,5365
g_instead_of_kg,"Smoked  Salmon & Creamy","PRD-00907 MILK PACK CREAM",50,g,,,,101,5368
g_instead_of_kg,"Smoked  Salmon & Creamy","PRD-00962 SALT 800G",2,g,,,,101,5364
g_instead_of_kg,"Smoked  Salmon & Creamy","PRD-00987 SUFAID TIL",5,g,,,,101,5367
g_instead_of_kg,"Smoked  Salmon & Creamy","PRD-00990 Sugar",10,g,,,,101,5363
g_instead_of_kg,"Smoked Fish","PRD-00739 BASPATI RICE",70,g,,,,294,5015
g_instead_of_kg,"Smoked Fish","PRD-00748 BLACK PEPPER",8,g,,,,294,5022
g_instead_of_kg,"Smoked Fish","PRD-00759 Butter",15,g,,,,294,5020
g_instead_of_kg,"Smoked Fish","PRD-00772 CARROT(GAJER)",10,g,,,,294,5024
g_instead_of_kg,"Smoked Fish","PRD-00833 FISH(MACHLI)",300,g,,,,294,5014
g_instead_of_kg,"Smoked Fish","PRD-00882 LEMON (LEMU)",15,g,,,,294,5017
g_instead_of_kg,"Smoked Fish","PRD-00838 Leason",15,g,,,,294,5021
g_instead_of_kg,"Smoked Fish","PRD-00907 MILK PACK CREAM",100,g,,,,294,5018
g_instead_of_kg,"Smoked Fish","PRD-00908 MILK PACK NESTLE (1LITER)",100,g,,,,294,5023
g_instead_of_kg,"Smoked Fish","PRD-00962 SALT 800G",3,g,,,,294,5016
g_instead_of_kg,"Smoked Fish","PRD-00768 SHIMLA MIRCH",5,g,,,,294,5026
g_instead_of_kg,"Smokey Grill Wrap","PRD-00748 BLACK PEPPER",3,g,,,,80,5313
g_instead_of_kg,"Smokey Grill Wrap","PRD-00782 CHILLI GARLIC(4KG)",5,g,,,,80,5312
g_instead_of_kg,"Smokey Grill Wrap","PRD-00720 Fries 2.5kg",40,g,,,,80,5316
g_instead_of_kg,"Smokey Grill Wrap","PRD-00857 Iceberg(salad patta)",30,g,,,,80,5310
g_instead_of_kg,"Smokey Grill Wrap","PRD-00768 SHIMLA MIRCH",20,g,,,,80,5315
g_instead_of_kg,"Smokey Grill Wrap","PRD-01002 THAI PIECE CHICKEN",80,g,,,,80,5309
g_instead_of_kg,"Smokey Grill Wrap","PRD-01010 TOMATO",30,g,,,,80,5314
g_instead_of_kg,"Special Fried Rice","PRD-00739 BASPATI RICE",300,g,,,,221,6187
g_instead_of_kg,"Special Fried Rice","PRD-00748 BLACK PEPPER",3,g,,,,221,6198
g_instead_of_kg,"Special Fried Rice","PRD-00772 CARROT(GAJER)",80,g,,,,221,6190
g_instead_of_kg,"Special Fried Rice","PRD-00777 Chicken Karahi",120,g,,,,221,6188
g_instead_of_kg,"Special Fried Rice","PRD-00833 FISH(MACHLI)",80,g,,,,221,6193
g_instead_of_kg,"Special Fried Rice","PRD-00848 Green onion",50,g,,,,221,6192
g_instead_of_kg,"Special Fried Rice","PRD-00864 KAJU",15,g,,,,221,6199
g_instead_of_kg,"Special Fried Rice","PRD-00875 Knorr chicken powder (1kg)",10,g,,,,221,6195
g_instead_of_kg,"Special Fried Rice","PRD-00947 PRAWNS",30,g,,,,221,6200
g_instead_of_kg,"Special Fried Rice","PRD-00962 SALT 800G",8,g,,,,221,6194
g_instead_of_kg,"Special Fried Rice","PRD-00768 SHIMLA MIRCH",100,g,,,,221,6191
g_instead_of_kg,"Special Fried Rice","PRD-01028 White pepper",3,g,,,,221,6197
g_instead_of_kg,"Spicy Grilled Chicken","PRD-00746 BLACK MUSHROOM",20,g,,,,245,6386
g_instead_of_kg,"Spicy Grilled Chicken","PRD-00748 BLACK PEPPER",5,g,,,,245,6383
g_instead_of_kg,"Spicy Grilled Chicken","PRD-00759 Butter",10,g,,,,245,6385
g_instead_of_kg,"Spicy Grilled Chicken","PRD-00777 Chicken Karahi",350,g,,,,245,6379
g_instead_of_kg,"Spicy Grilled Chicken","PRD-00838 Leason",10,g,,,,245,6380
g_instead_of_kg,"Spicy Grilled Chicken","PRD-00917 MUSTARD PASTE 3KG",10,g,,,,245,6388
g_instead_of_kg,"Spicy Grilled Chicken","PRD-00926 Oregano(500g)",5,g,,,,245,6382
g_instead_of_kg,"Spicy Grilled Chicken","PRD-00958 Red Chilli(1kg)",3,g,,,,245,6381
g_instead_of_kg,"Spicy Grilled Chicken","PRD-00962 SALT 800G",2,g,,,,245,6384
g_instead_of_kg,"Spicy Hen Burger","PRD-00748 BLACK PEPPER",3,g,,,,195,5921
g_instead_of_kg,"Spicy Hen Burger","PRD-00759 Butter",5,g,,,,195,5919
g_instead_of_kg,"Spicy Hen Burger","PRD-00772 CARROT(GAJER)",10,g,,,,195,5915
g_instead_of_kg,"Spicy Hen Burger","PRD-00803 CUCUMBER(KHEERA)",15,g,,,,195,5920
g_instead_of_kg,"Spicy Hen Burger","PRD-00762 Cabbage(band ghobi)",20,g,,,,195,5914
g_instead_of_kg,"Spicy Hen Burger","PRD-00720 Fries 2.5kg",80,g,,,,195,5918
g_instead_of_kg,"Spicy Hen Burger","PRD-00857 Iceberg(salad patta)",20,g,,,,195,5925
g_instead_of_kg,"Spicy Hen Burger","PRD-00858 Icing Sugar",5,g,,,,195,5924
g_instead_of_kg,"Spicy Hen Burger","PRD-00877 KNORR KETCHUP 4KG",10,g,,,,195,5916
g_instead_of_kg,"Spicy Hen Burger","PRD-00925 Piyaz",20,g,,,,195,5923
g_instead_of_kg,"Spicy Hen Burger","PRD-00954 Real mayo 4KG",50,g,,,,195,5917
g_instead_of_kg,"Spicy Hen Burger","PRD-00962 SALT 800G",2,g,,,,195,5922
g_instead_of_kg,"Spicy Mushroom Pasta","PRD-00748 BLACK PEPPER",1,g,,,,109,5472
g_instead_of_kg,"Spicy Mushroom Pasta","PRD-00759 Butter",20,g,,,,109,5467
g_instead_of_kg,"Spicy Mushroom Pasta","PRD-00802 Crushed chilli(dara mirch)",5,g,,,,109,5469
g_instead_of_kg,"Spicy Mushroom Pasta","PRD-00838 Leason",6,g,,,,109,5468
g_instead_of_kg,"Spicy Mushroom Pasta","PRD-00907 MILK PACK CREAM",40,g,,,,109,5470
g_instead_of_kg,"Spicy Mushroom Pasta","PRD-00915 Mozzarella cheese",20,g,,,,109,5477
g_instead_of_kg,"Spicy Mushroom Pasta","PRD-00926 Oregano(500g)",2,g,,,,109,5473
g_instead_of_kg,"Spicy Mushroom Pasta","PRD-01045 Pasta",100,g,,,,109,5474
g_instead_of_kg,"Spicy Mushroom Pasta","PRD-00962 SALT 800G",2,g,,,,109,5471
g_instead_of_kg,"Spicy Mushroom Pasta","PRD-01011 TOMATO PASTE",15,g,,,,109,5476
g_instead_of_kg,"Spicy Sesame Chicken","PRD-00739 BASPATI RICE",160,g,,,,99,5395
g_instead_of_kg,"Spicy Sesame Chicken","PRD-00748 BLACK PEPPER",2,g,,,,99,5398
g_instead_of_kg,"Spicy Sesame Chicken","PRD-00782 CHILLI GARLIC(4KG)",20,g,,,,99,5403
g_instead_of_kg,"Spicy Sesame Chicken","PRD-00803 CUCUMBER(KHEERA)",30,g,,,,99,5399
g_instead_of_kg,"Spicy Sesame Chicken","PRD-00777 Chicken Karahi",120,g,,,,99,5400
g_instead_of_kg,"Spicy Sesame Chicken","PRD-00954 Real mayo 4KG",40,g,,,,99,5401
g_instead_of_kg,"Spicy Sesame Chicken","PRD-00962 SALT 800G",2,g,,,,99,5397
g_instead_of_kg,"Spicy Sesame Chicken","PRD-00987 SUFAID TIL",5,g,,,,99,5404
g_instead_of_kg,"Spicy Sesame Chicken","PRD-00980 Sriracha sauce",20,g,,,,99,5402
g_instead_of_kg,"Spicy Sesame Chicken","PRD-00990 Sugar",10,g,,,,99,5396
g_instead_of_kg,"Super Supreme - Pizza (F)","PRD-00747 Black Olive (3kg)",15,g,,,,271,6616
g_instead_of_kg,"Super Supreme - Pizza (F)","PRD-00825 Eka_300 Powder(500g)",3,g,,,,271,6614
g_instead_of_kg,"Super Supreme - Pizza (F)","PRD-00827 Everyday Powder(1kg)",15,g,,,,271,6606
g_instead_of_kg,"Super Supreme - Pizza (F)","PRD-00895 Maida",380,g,,,,271,6604
g_instead_of_kg,"Super Supreme - Pizza (F)","PRD-00915 Mozzarella cheese",400,g,,,,271,6615
g_instead_of_kg,"Super Supreme - Pizza (F)","PRD-00925 Piyaz",40,g,,,,271,6611
g_instead_of_kg,"Super Supreme - Pizza (F)","PRD-00962 SALT 800G",6,g,,,,271,6609
g_instead_of_kg,"Super Supreme - Pizza (F)","PRD-00768 SHIMLA MIRCH",40,g,,,,271,6612
g_instead_of_kg,"Super Supreme - Pizza (F)","PRD-00990 Sugar",10,g,,,,271,6610
g_instead_of_kg,"Super Supreme - Pizza (F)","PRD-01002 THAI PIECE CHICKEN",350,g,,,,271,6603
g_instead_of_kg,"Super Supreme - Pizza (F)","PRD-01036 Yeast(500g)",15,g,,,,271,6607
g_instead_of_kg,"Super Supreme - Pizza (L)","PRD-00748 BLACK PEPPER",3,g,,,,251,6488
g_instead_of_kg,"Super Supreme - Pizza (L)","PRD-00777 Chicken Karahi",200,g,,,,251,6481
g_instead_of_kg,"Super Supreme - Pizza (L)","PRD-00825 Eka_300 Powder(500g)",2,g,,,,251,6494
g_instead_of_kg,"Super Supreme - Pizza (L)","PRD-00827 Everyday Powder(1kg)",12,g,,,,251,6492
g_instead_of_kg,"Super Supreme - Pizza (L)","PRD-00877 KNORR KETCHUP 4KG",10,g,,,,251,6486
g_instead_of_kg,"Super Supreme - Pizza (L)","PRD-00895 Maida",320,g,,,,251,6482
g_instead_of_kg,"Super Supreme - Pizza (L)","PRD-00915 Mozzarella cheese",340,g,,,,251,6493
g_instead_of_kg,"Super Supreme - Pizza (L)","PRD-00954 Real mayo 4KG",25,g,,,,251,6484
g_instead_of_kg,"Super Supreme - Pizza (L)","PRD-00962 SALT 800G",5,g,,,,251,6490
g_instead_of_kg,"Super Supreme - Pizza (L)","PRD-00990 Sugar",8,g,,,,251,6491
g_instead_of_kg,"Super Supreme - Pizza (L)","PRD-01036 Yeast(500g)",6,g,,,,251,6485
g_instead_of_kg,"Super Supreme - Pizza (M)","PRD-00747 Black Olive (3kg)",10,g,,,,309,6829
g_instead_of_kg,"Super Supreme - Pizza (M)","PRD-00777 Chicken Karahi",200,g,,,,309,6817
g_instead_of_kg,"Super Supreme - Pizza (M)","PRD-00825 Eka_300 Powder(500g)",1,g,,,,309,6826
g_instead_of_kg,"Super Supreme - Pizza (M)","PRD-00827 Everyday Powder(1kg)",8,g,,,,309,6818
g_instead_of_kg,"Super Supreme - Pizza (M)","PRD-00895 Maida",220,g,,,,309,6816
g_instead_of_kg,"Super Supreme - Pizza (M)","PRD-00915 Mozzarella cheese",240,g,,,,309,6827
g_instead_of_kg,"Super Supreme - Pizza (M)","PRD-00925 Piyaz",20,g,,,,309,6825
g_instead_of_kg,"Super Supreme - Pizza (M)","PRD-00962 SALT 800G",4,g,,,,309,6820
g_instead_of_kg,"Super Supreme - Pizza (M)","PRD-00768 SHIMLA MIRCH",20,g,,,,309,6823
g_instead_of_kg,"Super Supreme - Pizza (M)","PRD-00990 Sugar",6,g,,,,309,6821
g_instead_of_kg,"Super Supreme - Pizza (M)","PRD-01010 TOMATO",20,g,,,,309,6824
g_instead_of_kg,"Super Supreme - Pizza (M)","PRD-01036 Yeast(500g)",4,g,,,,309,6819
g_instead_of_kg,"Sweet & Sour Chicken (Family)","PRD-00772 CARROT(GAJER)",60,g,,,,313,5701
g_instead_of_kg,"Sweet & Sour Chicken (Family)","PRD-00777 Chicken Karahi",450,g,,,,313,5687
g_instead_of_kg,"Sweet & Sour Chicken (Family)","PRD-00790 Cocktail mixfruit(2800g)",30,g,,,,313,5700
g_instead_of_kg,"Sweet & Sour Chicken (Family)","PRD-00836 FRESH BEANS",50,g,,,,313,5694
g_instead_of_kg,"Sweet & Sour Chicken (Family)","PRD-00877 KNORR KETCHUP 4KG",350,g,,,,313,5690
g_instead_of_kg,"Sweet & Sour Chicken (Family)","PRD-00875 Knorr chicken powder (1kg)",10,g,,,,313,5698
g_instead_of_kg,"Sweet & Sour Chicken (Family)","PRD-00838 Leason",15,g,,,,313,5689
g_instead_of_kg,"Sweet & Sour Chicken (Family)","PRD-00928 OYSTER SAUCE(4.2 kg)",15,g,,,,313,5691
g_instead_of_kg,"Sweet & Sour Chicken (Family)","PRD-00925 Piyaz",140,g,,,,313,5693
g_instead_of_kg,"Sweet & Sour Chicken (Family)","PRD-00962 SALT 800G",3,g,,,,313,5697
g_instead_of_kg,"Sweet & Sour Chicken (Family)","PRD-00768 SHIMLA MIRCH",140,g,,,,313,5692
g_instead_of_kg,"Sweet & Sour Chicken (Family)","PRD-00990 Sugar",20,g,,,,313,5696
g_instead_of_kg,"Sweet & Sour Chicken (Single)","PRD-00772 CARROT(GAJER)",5,g,,,,121,5545
g_instead_of_kg,"Sweet & Sour Chicken (Single)","PRD-00777 Chicken Karahi",120,g,,,,121,5533
g_instead_of_kg,"Sweet & Sour Chicken (Single)","PRD-00790 Cocktail mixfruit(2800g)",10,g,,,,121,5547
g_instead_of_kg,"Sweet & Sour Chicken (Single)","PRD-00799 Corn Floor",5,g,,,,121,5538
g_instead_of_kg,"Sweet & Sour Chicken (Single)","PRD-00836 FRESH BEANS",5,g,,,,121,5540
g_instead_of_kg,"Sweet & Sour Chicken (Single)","PRD-00877 KNORR KETCHUP 4KG",80,g,,,,121,5536
g_instead_of_kg,"Sweet & Sour Chicken (Single)","PRD-00875 Knorr chicken powder (1kg)",5,g,,,,121,5543
g_instead_of_kg,"Sweet & Sour Chicken (Single)","PRD-00838 Leason",5,g,,,,121,5535
g_instead_of_kg,"Sweet & Sour Chicken (Single)","PRD-00928 OYSTER SAUCE(4.2 kg)",3,g,,,,121,5546
g_instead_of_kg,"Sweet & Sour Chicken (Single)","PRD-00925 Piyaz",40,g,,,,121,5539
g_instead_of_kg,"Sweet & Sour Chicken (Single)","PRD-00962 SALT 800G",3,g,,,,121,5542
g_instead_of_kg,"Sweet & Sour Chicken (Single)","PRD-00768 SHIMLA MIRCH",40,g,,,,121,5537
g_instead_of_kg,"Sweet & Sour Chicken (Single)","PRD-00990 Sugar",8,g,,,,121,5541
g_instead_of_kg,"Sweet & Sour Fish (Family)","PRD-00748 BLACK PEPPER",3,g,,,,316,5738
g_instead_of_kg,"Sweet & Sour Fish (Family)","PRD-00772 CARROT(GAJER)",70,g,,,,316,5735
g_instead_of_kg,"Sweet & Sour Fish (Family)","PRD-00799 Corn Floor",25,g,,,,316,5727
g_instead_of_kg,"Sweet & Sour Fish (Family)","PRD-00833 FISH(MACHLI)",450,g,,,,316,5725
g_instead_of_kg,"Sweet & Sour Fish (Family)","PRD-00836 FRESH BEANS",60,g,,,,316,5732
g_instead_of_kg,"Sweet & Sour Fish (Family)","PRD-00877 KNORR KETCHUP 4KG",350,g,,,,316,5731
g_instead_of_kg,"Sweet & Sour Fish (Family)","PRD-00875 Knorr chicken powder (1kg)",10,g,,,,316,5736
g_instead_of_kg,"Sweet & Sour Fish (Family)","PRD-00838 Leason",15,g,,,,316,5728
g_instead_of_kg,"Sweet & Sour Fish (Family)","PRD-00925 Piyaz",140,g,,,,316,5734
g_instead_of_kg,"Sweet & Sour Fish (Family)","PRD-00958 Red Chilli(1kg)",5,g,,,,316,5729
g_instead_of_kg,"Sweet & Sour Fish (Family)","PRD-00962 SALT 800G",5,g,,,,316,5737
g_instead_of_kg,"Sweet & Sour Fish (Family)","PRD-00768 SHIMLA MIRCH",140,g,,,,316,5733
g_instead_of_kg,"Sweet & Sour Fish (Family)","PRD-00990 Sugar",20,g,,,,316,5739
g_instead_of_kg,"Sweet & Sour Fish (Single)","PRD-00748 BLACK PEPPER",3,g,,,,120,3111
g_instead_of_kg,"Sweet & Sour Fish (Single)","PRD-00772 CARROT(GAJER)",10,g,,,,120,3108
g_instead_of_kg,"Sweet & Sour Fish (Single)","PRD-00799 Corn Floor",5,g,,,,120,3100
g_instead_of_kg,"Sweet & Sour Fish (Single)","PRD-00833 FISH(MACHLI)",130,g,,,,120,3098
g_instead_of_kg,"Sweet & Sour Fish (Single)","PRD-00836 FRESH BEANS",5,g,,,,120,3105
g_instead_of_kg,"Sweet & Sour Fish (Single)","PRD-00877 KNORR KETCHUP 4KG",80,g,,,,120,3104
g_instead_of_kg,"Sweet & Sour Fish (Single)","PRD-00875 Knorr chicken powder (1kg)",3,g,,,,120,3109
g_instead_of_kg,"Sweet & Sour Fish (Single)","PRD-00838 Leason",5,g,,,,120,3101
g_instead_of_kg,"Sweet & Sour Fish (Single)","PRD-00925 Piyaz",40,g,,,,120,3107
g_instead_of_kg,"Sweet & Sour Fish (Single)","PRD-00958 Red Chilli(1kg)",3,g,,,,120,3102
g_instead_of_kg,"Sweet & Sour Fish (Single)","PRD-00962 SALT 800G",2,g,,,,120,3110
g_instead_of_kg,"Sweet & Sour Fish (Single)","PRD-00768 SHIMLA MIRCH",40,g,,,,120,3106
g_instead_of_kg,"Sweet & Sour Fish (Single)","PRD-00990 Sugar",10,g,,,,120,3112
g_instead_of_kg,"Swiss Mushroom Burger","PRD-00748 BLACK PEPPER",1,g,,,,198,5969
g_instead_of_kg,"Swiss Mushroom Burger","PRD-00759 Butter",5,g,,,,198,5970
g_instead_of_kg,"Swiss Mushroom Burger","PRD-00772 CARROT(GAJER)",10,g,,,,198,5961
g_instead_of_kg,"Swiss Mushroom Burger","PRD-00803 CUCUMBER(KHEERA)",15,g,,,,198,5959
g_instead_of_kg,"Swiss Mushroom Burger","PRD-00762 Cabbage(band ghobi)",20,g,,,,198,5960
g_instead_of_kg,"Swiss Mushroom Burger","PRD-00720 Fries 2.5kg",80,g,,,,198,5971
g_instead_of_kg,"Swiss Mushroom Burger","PRD-00857 Iceberg(salad patta)",10,g,,,,198,5965
g_instead_of_kg,"Swiss Mushroom Burger","PRD-00858 Icing Sugar",5,g,,,,198,5972
g_instead_of_kg,"Swiss Mushroom Burger","PRD-00877 KNORR KETCHUP 4KG",10,g,,,,198,5962
g_instead_of_kg,"Swiss Mushroom Burger","PRD-00838 Leason",3,g,,,,198,5967
g_instead_of_kg,"Swiss Mushroom Burger","PRD-00907 MILK PACK CREAM",20,g,,,,198,5966
g_instead_of_kg,"Swiss Mushroom Burger","PRD-00954 Real mayo 4KG",25,g,,,,198,5963
g_instead_of_kg,"Swiss Mushroom Burger","PRD-00962 SALT 800G",1,g,,,,198,5968
g_instead_of_kg,"Swiss Mushroom Burger","PRD-01010 TOMATO",10,g,,,,198,5964
g_instead_of_kg,"Swiss Pollo Stuffed Chicken","PRD-00746 BLACK MUSHROOM",15,g,,,,244,6369
g_instead_of_kg,"Swiss Pollo Stuffed Chicken","PRD-00747 Black Olive (3kg)",10,g,,,,244,6378
g_instead_of_kg,"Swiss Pollo Stuffed Chicken","PRD-00752 Bread Crumbs(1kg)",70,g,,,,244,6376
g_instead_of_kg,"Swiss Pollo Stuffed Chicken","PRD-00759 Butter",10,g,,,,244,6364
g_instead_of_kg,"Swiss Pollo Stuffed Chicken","PRD-00777 Chicken Karahi",200,g,,,,244,6363
g_instead_of_kg,"Swiss Pollo Stuffed Chicken","PRD-00875 Knorr chicken powder (1kg)",10,g,,,,244,6373
g_instead_of_kg,"Swiss Pollo Stuffed Chicken","PRD-00838 Leason",5,g,,,,244,6365
g_instead_of_kg,"Swiss Pollo Stuffed Chicken","PRD-00907 MILK PACK CREAM",70,g,,,,244,6366
g_instead_of_kg,"Swiss Pollo Stuffed Chicken","PRD-00908 MILK PACK NESTLE (1LITER)",60,g,,,,244,6368
g_instead_of_kg,"Swiss Pollo Stuffed Chicken","PRD-00895 Maida",30,g,,,,244,6372
g_instead_of_kg,"Swiss Pollo Stuffed Chicken","PRD-00915 Mozzarella cheese",80,g,,,,244,6377
g_instead_of_kg,"Swiss Pollo Stuffed Chicken","PRD-00926 Oregano(500g)",2,g,,,,244,6375
g_instead_of_kg,"Swiss Pollo Stuffed Chicken","PRD-00962 SALT 800G",5,g,,,,244,6370
g_instead_of_kg,"Swiss Pollo Stuffed Chicken","PRD-00977 SPINACH(PALAK)",40,g,,,,244,6367
g_instead_of_kg,"Swiss Pollo Stuffed Chicken","PRD-01028 White pepper",4,g,,,,244,6371
g_instead_of_kg,"Szechuan Soup (Family)","PRD-00748 BLACK PEPPER",3,g,,,,184,5803
g_instead_of_kg,"Szechuan Soup (Family)","PRD-00772 CARROT(GAJER)",50,g,,,,184,5793
g_instead_of_kg,"Szechuan Soup (Family)","PRD-00762 Cabbage(band ghobi)",50,g,,,,184,5794
g_instead_of_kg,"Szechuan Soup (Family)","PRD-00777 Chicken Karahi",200,g,,,,184,5792
g_instead_of_kg,"Szechuan Soup (Family)","PRD-00799 Corn Floor",70,g,,,,184,5798
g_instead_of_kg,"Szechuan Soup (Family)","PRD-00848 Green onion",30,g,,,,184,5795
g_instead_of_kg,"Szechuan Soup (Family)","PRD-00877 KNORR KETCHUP 4KG",40,g,,,,184,5796
g_instead_of_kg,"Szechuan Soup (Family)","PRD-00875 Knorr chicken powder (1kg)",18,g,,,,184,5802
g_instead_of_kg,"Szechuan Soup (Family)","PRD-00958 Red Chilli(1kg)",15,g,,,,184,5800
g_instead_of_kg,"Szechuan Soup (Family)","PRD-00962 SALT 800G",10,g,,,,184,5801
g_instead_of_kg,"Szechuan Soup (Family)","PRD-00980 Sriracha sauce",10,g,,,,184,5805
g_instead_of_kg,"Szechuan Soup (Family)","PRD-00990 Sugar",10,g,,,,184,5804
g_instead_of_kg,"Szechuan Soup (Single)","PRD-00748 BLACK PEPPER",2,g,,,,191,5873
g_instead_of_kg,"Szechuan Soup (Single)","PRD-00772 CARROT(GAJER)",15,g,,,,191,5864
g_instead_of_kg,"Szechuan Soup (Single)","PRD-00762 Cabbage(band ghobi)",20,g,,,,191,5865
g_instead_of_kg,"Szechuan Soup (Single)","PRD-00777 Chicken Karahi",50,g,,,,191,5863
g_instead_of_kg,"Szechuan Soup (Single)","PRD-00799 Corn Floor",20,g,,,,191,5869
g_instead_of_kg,"Szechuan Soup (Single)","PRD-00848 Green onion",8,g,,,,191,5866
g_instead_of_kg,"Szechuan Soup (Single)","PRD-00877 KNORR KETCHUP 4KG",20,g,,,,191,5867
g_instead_of_kg,"Szechuan Soup (Single)","PRD-00875 Knorr chicken powder (1kg)",7,g,,,,191,5872
g_instead_of_kg,"Szechuan Soup (Single)","PRD-00962 SALT 800G",3,g,,,,191,5871
g_instead_of_kg,"Szechuan Soup (Single)","PRD-00980 Sriracha sauce",5,g,,,,191,5875
g_instead_of_kg,"Szechuan Soup (Single)","PRD-00990 Sugar",2,g,,,,191,5874
g_instead_of_kg,"Tandoori Pratha","PRD-00815 Desi flour(20kg)",100,g,,,,68,6909
g_instead_of_kg,"Tandoori Pratha","PRD-00962 SALT 800G",2,g,,,,68,6910
g_instead_of_kg,"Tandoori Pratha","PRD-00987 SUFAID TIL",5,g,,,,68,6911
g_instead_of_kg,"Tarragon Chicken (Family)","PRD-00748 BLACK PEPPER",4,g,,,,179,3779
g_instead_of_kg,"Tarragon Chicken (Family)","PRD-00753 BROCCOLI (SABZ GHOBHI)",80,g,,,,179,3775
g_instead_of_kg,"Tarragon Chicken (Family)","PRD-00777 Chicken Karahi",450,g,,,,179,3770
g_instead_of_kg,"Tarragon Chicken (Family)","PRD-00799 Corn Floor",25,g,,,,179,3783
g_instead_of_kg,"Tarragon Chicken (Family)","PRD-00836 FRESH BEANS",50,g,,,,179,3777
g_instead_of_kg,"Tarragon Chicken (Family)","PRD-00875 Knorr chicken powder (1kg)",15,g,,,,179,3781
g_instead_of_kg,"Tarragon Chicken (Family)","PRD-00838 Leason",15,g,,,,179,3772
g_instead_of_kg,"Tarragon Chicken (Family)","PRD-00925 Piyaz",140,g,,,,179,3784
g_instead_of_kg,"Tarragon Chicken (Family)","PRD-00958 Red Chilli(1kg)",15,g,,,,179,3778
g_instead_of_kg,"Tarragon Chicken (Family)","PRD-00962 SALT 800G",5,g,,,,179,3780
g_instead_of_kg,"Tarragon Chicken (Family)","PRD-00768 SHIMLA MIRCH",140,g,,,,179,3774
g_instead_of_kg,"Tarragon Chicken (Family)","PRD-00990 Sugar",10,g,,,,179,3782
g_instead_of_kg,"Tarragon Chicken (Family)","PRD-01042 ZAKUNI",80,g,,,,179,3776
g_instead_of_kg,"Tarragon Chicken (Single)","PRD-00753 BROCCOLI (SABZ GHOBHI)",30,g,,,,130,3221
g_instead_of_kg,"Tarragon Chicken (Single)","PRD-00777 Chicken Karahi",120,g,,,,130,3215
g_instead_of_kg,"Tarragon Chicken (Single)","PRD-00799 Corn Floor",5,g,,,,130,3226
g_instead_of_kg,"Tarragon Chicken (Single)","PRD-00875 Knorr chicken powder (1kg)",3,g,,,,130,3224
g_instead_of_kg,"Tarragon Chicken (Single)","PRD-00838 Leason",5,g,,,,130,3217
g_instead_of_kg,"Tarragon Chicken (Single)","PRD-00958 Red Chilli(1kg)",3,g,,,,130,3222
g_instead_of_kg,"Tarragon Chicken (Single)","PRD-00962 SALT 800G",2,g,,,,130,3223
g_instead_of_kg,"Tarragon Chicken (Single)","PRD-00768 SHIMLA MIRCH",40,g,,,,130,3219
g_instead_of_kg,"Tarragon Chicken (Single)","PRD-00990 Sugar",3,g,,,,130,3225
g_instead_of_kg,"Tarragon Chicken (Single)","PRD-01042 ZAKUNI",30,g,,,,130,3220
g_instead_of_kg,"Tarragon Steak (Beaf)","PRD-00741 Beef",350,g,,,,214,4147
g_instead_of_kg,"Tarragon Steak (Beaf)","PRD-00759 Butter",20,g,,,,214,4153
g_instead_of_kg,"Tarragon Steak (Beaf)","PRD-00802 Crushed chilli(dara mirch)",5,g,,,,214,4150
g_instead_of_kg,"Tarragon Steak (Beaf)","PRD-00875 Knorr chicken powder (1kg)",8,g,,,,214,4152
g_instead_of_kg,"Tarragon Steak (Beaf)","PRD-00838 Leason",10,g,,,,214,4154
g_instead_of_kg,"Tarragon Steak (Beaf)","PRD-00907 MILK PACK CREAM",100,g,,,,214,4148
g_instead_of_kg,"Tarragon Steak (Beaf)","PRD-00908 MILK PACK NESTLE (1LITER)",100,g,,,,214,4149
g_instead_of_kg,"Tarragon Steak (Beaf)","PRD-00962 SALT 800G",2,g,,,,214,4151
g_instead_of_kg,"Tarragon Steak (Beaf)","PRD-01028 White pepper",5,g,,,,214,4155
g_instead_of_kg,"Tarragon Steak (Chicken)","PRD-00759 Butter",20,g,,,,215,4162
g_instead_of_kg,"Tarragon Steak (Chicken)","PRD-00777 Chicken Karahi",350,g,,,,215,4156
g_instead_of_kg,"Tarragon Steak (Chicken)","PRD-00802 Crushed chilli(dara mirch)",5,g,,,,215,4159
g_instead_of_kg,"Tarragon Steak (Chicken)","PRD-00875 Knorr chicken powder (1kg)",8,g,,,,215,4161
g_instead_of_kg,"Tarragon Steak (Chicken)","PRD-00838 Leason",10,g,,,,215,4163
g_instead_of_kg,"Tarragon Steak (Chicken)","PRD-00907 MILK PACK CREAM",100,g,,,,215,4157
g_instead_of_kg,"Tarragon Steak (Chicken)","PRD-00908 MILK PACK NESTLE (1LITER)",100,g,,,,215,4158
g_instead_of_kg,"Tarragon Steak (Chicken)","PRD-00962 SALT 800G",2,g,,,,215,4160
g_instead_of_kg,"Tarragon Steak (Chicken)","PRD-01028 White pepper",5,g,,,,215,4164
g_instead_of_kg,"Thai Soup (Family)","PRD-00739 BASPATI RICE",20,g,,,,187,3859
g_instead_of_kg,"Thai Soup (Family)","PRD-00748 BLACK PEPPER",5,g,,,,187,3860
g_instead_of_kg,"Thai Soup (Family)","PRD-00777 Chicken Karahi",300,g,,,,187,3857
g_instead_of_kg,"Thai Soup (Family)","PRD-00846 GREEN CHILLI (SABZ MIRCH)",15,g,,,,187,3858
g_instead_of_kg,"Thai Soup (Family)","PRD-00848 Green onion",30,g,,,,187,3864
g_instead_of_kg,"Thai Soup (Family)","PRD-00875 Knorr chicken powder (1kg)",18,g,,,,187,3863
g_instead_of_kg,"Thai Soup (Family)","PRD-00962 SALT 800G",5,g,,,,187,3862
g_instead_of_kg,"Thai Soup (Family)","PRD-01028 White pepper",4,g,,,,187,3861
g_instead_of_kg,"Thai Soup (Single)","PRD-00739 BASPATI RICE",8,g,,,,278,4890
g_instead_of_kg,"Thai Soup (Single)","PRD-00748 BLACK PEPPER",2,g,,,,278,4887
g_instead_of_kg,"Thai Soup (Single)","PRD-00777 Chicken Karahi",100,g,,,,278,4886
g_instead_of_kg,"Thai Soup (Single)","PRD-00846 GREEN CHILLI (SABZ MIRCH)",5,g,,,,278,4888
g_instead_of_kg,"Thai Soup (Single)","PRD-00848 Green onion",10,g,,,,278,4893
g_instead_of_kg,"Thai Soup (Single)","PRD-00875 Knorr chicken powder (1kg)",7,g,,,,278,4892
g_instead_of_kg,"Thai Soup (Single)","PRD-00962 SALT 800G",3,g,,,,278,4891
g_instead_of_kg,"Thai Soup (Single)","PRD-01028 White pepper",2,g,,,,278,4889
g_instead_of_kg,"Thin Crust - Pizza (F)","PRD-00777 Chicken Karahi",300,g,,,,144,5588
g_instead_of_kg,"Thin Crust - Pizza (F)","PRD-00825 Eka_300 Powder(500g)",2,g,,,,144,5597
g_instead_of_kg,"Thin Crust - Pizza (F)","PRD-00827 Everyday Powder(1kg)",5,g,,,,144,5598
g_instead_of_kg,"Thin Crust - Pizza (F)","PRD-00895 Maida",220,g,,,,144,5590
g_instead_of_kg,"Thin Crust - Pizza (F)","PRD-00915 Mozzarella cheese",300,g,,,,144,5599
g_instead_of_kg,"Thin Crust - Pizza (F)","PRD-00925 Piyaz",40,g,,,,144,5596
g_instead_of_kg,"Thin Crust - Pizza (F)","PRD-00962 SALT 800G",4,g,,,,144,5592
g_instead_of_kg,"Thin Crust - Pizza (F)","PRD-00768 SHIMLA MIRCH",40,g,,,,144,5595
g_instead_of_kg,"Thin Crust - Pizza (F)","PRD-00990 Sugar",5,g,,,,144,5594
g_instead_of_kg,"Thin Crust - Pizza (F)","PRD-01036 Yeast(500g)",2,g,,,,144,5593
g_instead_of_kg,"Thin Crust - Pizza (L)","PRD-00777 Chicken Karahi",320,g,,,,326,7081
g_instead_of_kg,"Thin Crust - Pizza (L)","PRD-00825 Eka_300 Powder(500g)",2,g,,,,326,7086
g_instead_of_kg,"Thin Crust - Pizza (L)","PRD-00827 Everyday Powder(1kg)",12,g,,,,326,7084
g_instead_of_kg,"Thin Crust - Pizza (L)","PRD-00895 Maida",320,g,,,,326,7089
g_instead_of_kg,"Thin Crust - Pizza (L)","PRD-00915 Mozzarella cheese",340,g,,,,326,7083
g_instead_of_kg,"Thin Crust - Pizza (L)","PRD-00925 Piyaz",60,g,,,,326,7091
g_instead_of_kg,"Thin Crust - Pizza (L)","PRD-00962 SALT 800G",5,g,,,,326,7082
g_instead_of_kg,"Thin Crust - Pizza (L)","PRD-00768 SHIMLA MIRCH",60,g,,,,326,7090
g_instead_of_kg,"Thin Crust - Pizza (L)","PRD-00990 Sugar",8,g,,,,326,7088
g_instead_of_kg,"Thin Crust - Pizza (L)","PRD-01036 Yeast(500g)",6,g,,,,326,7085
g_instead_of_kg,"Thin Crust - Pizza (M)","PRD-00746 BLACK MUSHROOM",10,g,,,,243,6351
g_instead_of_kg,"Thin Crust - Pizza (M)","PRD-00777 Chicken Karahi",120,g,,,,243,6350
g_instead_of_kg,"Thin Crust - Pizza (M)","PRD-00825 Eka_300 Powder(500g)",1,g,,,,243,6361
g_instead_of_kg,"Thin Crust - Pizza (M)","PRD-00827 Everyday Powder(1kg)",6,g,,,,243,6357
g_instead_of_kg,"Thin Crust - Pizza (M)","PRD-00895 Maida",120,g,,,,243,6352
g_instead_of_kg,"Thin Crust - Pizza (M)","PRD-00915 Mozzarella cheese",120,g,,,,243,6362
g_instead_of_kg,"Thin Crust - Pizza (M)","PRD-00925 Piyaz",30,g,,,,243,6353
g_instead_of_kg,"Thin Crust - Pizza (M)","PRD-00962 SALT 800G",2,g,,,,243,6356
g_instead_of_kg,"Thin Crust - Pizza (M)","PRD-00768 SHIMLA MIRCH",30,g,,,,243,6355
g_instead_of_kg,"Thin Crust - Pizza (M)","PRD-00990 Sugar",6,g,,,,243,6358
g_instead_of_kg,"Thin Crust - Pizza (M)","PRD-01036 Yeast(500g)",2,g,,,,243,6360
g_instead_of_kg,"Three Milk Cake","PRD-00736 Baking Powder(4.5kg)",10,g,,,,353,7470
g_instead_of_kg,"Three Milk Cake","PRD-00827 Everyday Powder(1kg)",50,g,,,,353,7469
g_instead_of_kg,"Three Milk Cake","PRD-00895 Maida",250,g,,,,353,7468
g_instead_of_kg,"Three Milk Cake","PRD-00990 Sugar",300,g,,,,353,7467
g_instead_of_kg,"Tuna Mayo Roll","PRD-00739 BASPATI RICE",160,g,,,,100,5406
g_instead_of_kg,"Tuna Mayo Roll","PRD-00748 BLACK PEPPER",3,g,,,,100,5409
g_instead_of_kg,"Tuna Mayo Roll","PRD-00772 CARROT(GAJER)",15,g,,,,100,5411
g_instead_of_kg,"Tuna Mayo Roll","PRD-00803 CUCUMBER(KHEERA)",30,g,,,,100,5410
g_instead_of_kg,"Tuna Mayo Roll","PRD-00848 Green onion",15,g,,,,100,5412
g_instead_of_kg,"Tuna Mayo Roll","PRD-00954 Real mayo 4KG",40,g,,,,100,5414
g_instead_of_kg,"Tuna Mayo Roll","PRD-00962 SALT 800G",1,g,,,,100,5408
g_instead_of_kg,"Tuna Mayo Roll","PRD-00987 SUFAID TIL",5,g,,,,100,5413
g_instead_of_kg,"Tuna Mayo Roll","PRD-00990 Sugar",10,g,,,,100,5407
g_instead_of_kg,"Turkish Kebab (4Pcs)","PRD-00759 Butter",15,g,,,,148,3426
g_instead_of_kg,"Turkish Kebab (4Pcs)","PRD-00798 CORIENDER (SABZ DHANYA)",10,g,,,,148,3427
g_instead_of_kg,"Turkish Kebab (4Pcs)","PRD-00925 Piyaz",30,g,,,,148,3423
g_instead_of_kg,"Turkish Kebab (4Pcs)","PRD-00956 RED CAPSICUM (SHIMLA)",40,g,,,,148,3421
g_instead_of_kg,"Turkish Kebab (4Pcs)","PRD-00958 Red Chilli(1kg)",4,g,,,,148,3425
g_instead_of_kg,"Turkish Kebab (4Pcs)","PRD-00962 SALT 800G",5,g,,,,148,3424
g_instead_of_kg,"Turkish Kebab (4Pcs)","PRD-01037 YELLOW CAPSICUM (SHIMLA)",40,g,,,,148,3422
g_instead_of_kg,"Tuscany Steak (Beaf)","PRD-00741 Beef",350,g,,,,300,5076
g_instead_of_kg,"Tuscany Steak (Beaf)","PRD-00759 Butter",15,g,,,,300,5077
g_instead_of_kg,"Tuscany Steak (Beaf)","PRD-00875 Knorr chicken powder (1kg)",8,g,,,,300,5082
g_instead_of_kg,"Tuscany Steak (Beaf)","PRD-00838 Leason",10,g,,,,300,5078
g_instead_of_kg,"Tuscany Steak (Beaf)","PRD-00907 MILK PACK CREAM",100,g,,,,300,5079
g_instead_of_kg,"Tuscany Steak (Beaf)","PRD-00908 MILK PACK NESTLE (1LITER)",100,g,,,,300,5080
g_instead_of_kg,"Tuscany Steak (Beaf)","PRD-00962 SALT 800G",2,g,,,,300,5083
g_instead_of_kg,"Tuscany Steak (Beaf)","PRD-00977 SPINACH(PALAK)",30,g,,,,300,5081
g_instead_of_kg,"Tuscany Steak (Chicken)","PRD-00759 Butter",15,g,,,,301,5085
g_instead_of_kg,"Tuscany Steak (Chicken)","PRD-00777 Chicken Karahi",350,g,,,,301,5084
g_instead_of_kg,"Tuscany Steak (Chicken)","PRD-00875 Knorr chicken powder (1kg)",8,g,,,,301,5090
g_instead_of_kg,"Tuscany Steak (Chicken)","PRD-00838 Leason",10,g,,,,301,5086
g_instead_of_kg,"Tuscany Steak (Chicken)","PRD-00907 MILK PACK CREAM",100,g,,,,301,5087
g_instead_of_kg,"Tuscany Steak (Chicken)","PRD-00908 MILK PACK NESTLE (1LITER)",100,g,,,,301,5088
g_instead_of_kg,"Tuscany Steak (Chicken)","PRD-00962 SALT 800G",2,g,,,,301,5091
g_instead_of_kg,"Tuscany Steak (Chicken)","PRD-00977 SPINACH(PALAK)",30,g,,,,301,5089
g_instead_of_kg,"Vegetable Chowmein","PRD-00748 BLACK PEPPER",5,g,,,,232,6167
g_instead_of_kg,"Vegetable Chowmein","PRD-00772 CARROT(GAJER)",70,g,,,,232,6160
g_instead_of_kg,"Vegetable Chowmein","PRD-00762 Cabbage(band ghobi)",80,g,,,,232,6162
g_instead_of_kg,"Vegetable Chowmein","PRD-00848 Green onion",50,g,,,,232,6163
g_instead_of_kg,"Vegetable Chowmein","PRD-00877 KNORR KETCHUP 4KG",50,g,,,,232,6164
g_instead_of_kg,"Vegetable Chowmein","PRD-00875 Knorr chicken powder (1kg)",18,g,,,,232,6166
g_instead_of_kg,"Vegetable Chowmein","PRD-00928 OYSTER SAUCE(4.2 kg)",70,g,,,,232,6170
g_instead_of_kg,"Vegetable Chowmein","PRD-00962 SALT 800G",4,g,,,,232,6165
g_instead_of_kg,"Vegetable Chowmein","PRD-00768 SHIMLA MIRCH",50,g,,,,232,6161
g_instead_of_kg,"Vegetable Fried Rice","PRD-00739 BASPATI RICE",300,g,,,,224,4240
g_instead_of_kg,"Vegetable Fried Rice","PRD-00748 BLACK PEPPER",3,g,,,,224,4248
g_instead_of_kg,"Vegetable Fried Rice","PRD-00772 CARROT(GAJER)",80,g,,,,224,4242
g_instead_of_kg,"Vegetable Fried Rice","PRD-00762 Cabbage(band ghobi)",30,g,,,,224,4241
g_instead_of_kg,"Vegetable Fried Rice","PRD-00848 Green onion",60,g,,,,224,4243
g_instead_of_kg,"Vegetable Fried Rice","PRD-00875 Knorr chicken powder (1kg)",10,g,,,,224,4246
g_instead_of_kg,"Vegetable Fried Rice","PRD-00962 SALT 800G",8,g,,,,224,4247
g_instead_of_kg,"Vegetable Fried Rice","PRD-00768 SHIMLA MIRCH",60,g,,,,224,4244
g_instead_of_kg,"Vegetable Fried Rice","PRD-01028 White pepper",3,g,,,,224,4249
g_instead_of_kg,"Vegetable Love - Pizza (F)","PRD-00746 BLACK MUSHROOM",40,g,,,,274,6518
g_instead_of_kg,"Vegetable Love - Pizza (F)","PRD-00747 Black Olive (3kg)",20,g,,,,274,6519
g_instead_of_kg,"Vegetable Love - Pizza (F)","PRD-00825 Eka_300 Powder(500g)",3,g,,,,274,6516
g_instead_of_kg,"Vegetable Love - Pizza (F)","PRD-00827 Everyday Powder(1kg)",15,g,,,,274,6506
g_instead_of_kg,"Vegetable Love - Pizza (F)","PRD-00895 Maida",380,g,,,,274,6505
g_instead_of_kg,"Vegetable Love - Pizza (F)","PRD-00915 Mozzarella cheese",400,g,,,,274,6517
g_instead_of_kg,"Vegetable Love - Pizza (F)","PRD-00926 Oregano(500g)",2,g,,,,274,6514
g_instead_of_kg,"Vegetable Love - Pizza (F)","PRD-00925 Piyaz",70,g,,,,274,6512
g_instead_of_kg,"Vegetable Love - Pizza (F)","PRD-00962 SALT 800G",6,g,,,,274,6509
g_instead_of_kg,"Vegetable Love - Pizza (F)","PRD-00768 SHIMLA MIRCH",70,g,,,,274,6511
g_instead_of_kg,"Vegetable Love - Pizza (F)","PRD-00990 Sugar",10,g,,,,274,6508
g_instead_of_kg,"Vegetable Love - Pizza (F)","PRD-00994 Sweet Corn(2kg)",40,g,,,,274,6515
g_instead_of_kg,"Vegetable Love - Pizza (F)","PRD-01010 TOMATO",60,g,,,,274,6513
g_instead_of_kg,"Vegetable Love - Pizza (F)","PRD-01036 Yeast(500g)",7,g,,,,274,6507
g_instead_of_kg,"Vegetable Love - Pizza (L)","PRD-00746 BLACK MUSHROOM",30,g,,,,247,6407
g_instead_of_kg,"Vegetable Love - Pizza (L)","PRD-00747 Black Olive (3kg)",20,g,,,,247,6415
g_instead_of_kg,"Vegetable Love - Pizza (L)","PRD-00825 Eka_300 Powder(500g)",2,g,,,,247,6414
g_instead_of_kg,"Vegetable Love - Pizza (L)","PRD-00827 Everyday Powder(1kg)",12,g,,,,247,6406
g_instead_of_kg,"Vegetable Love - Pizza (L)","PRD-00895 Maida",320,g,,,,247,6403
g_instead_of_kg,"Vegetable Love - Pizza (L)","PRD-00915 Mozzarella cheese",340,g,,,,247,6413
g_instead_of_kg,"Vegetable Love - Pizza (L)","PRD-00925 Piyaz",60,g,,,,247,6402
g_instead_of_kg,"Vegetable Love - Pizza (L)","PRD-00962 SALT 800G",5,g,,,,247,6410
g_instead_of_kg,"Vegetable Love - Pizza (L)","PRD-00768 SHIMLA MIRCH",60,g,,,,247,6412
g_instead_of_kg,"Vegetable Love - Pizza (L)","PRD-00990 Sugar",8,g,,,,247,6409
g_instead_of_kg,"Vegetable Love - Pizza (L)","PRD-00994 Sweet Corn(2kg)",35,g,,,,247,6408
g_instead_of_kg,"Vegetable Love - Pizza (L)","PRD-01010 TOMATO",45,g,,,,247,6404
g_instead_of_kg,"Vegetable Love - Pizza (L)","PRD-01036 Yeast(500g)",6,g,,,,247,6405
g_instead_of_kg,"Vegetable Love - Pizza (M)","PRD-00747 Black Olive (3kg)",10,g,,,,310,6844
g_instead_of_kg,"Vegetable Love - Pizza (M)","PRD-00825 Eka_300 Powder(500g)",1,g,,,,310,6842
g_instead_of_kg,"Vegetable Love - Pizza (M)","PRD-00827 Everyday Powder(1kg)",8,g,,,,310,6832
g_instead_of_kg,"Vegetable Love - Pizza (M)","PRD-00895 Maida",220,g,,,,310,6831
g_instead_of_kg,"Vegetable Love - Pizza (M)","PRD-00915 Mozzarella cheese",240,g,,,,310,6841
g_instead_of_kg,"Vegetable Love - Pizza (M)","PRD-00925 Piyaz",40,g,,,,310,6839
g_instead_of_kg,"Vegetable Love - Pizza (M)","PRD-00962 SALT 800G",4,g,,,,310,6833
g_instead_of_kg,"Vegetable Love - Pizza (M)","PRD-00768 SHIMLA MIRCH",40,g,,,,310,6836
g_instead_of_kg,"Vegetable Love - Pizza (M)","PRD-00990 Sugar",6,g,,,,310,6837
g_instead_of_kg,"Vegetable Love - Pizza (M)","PRD-00994 Sweet Corn(2kg)",25,g,,,,310,6840
g_instead_of_kg,"Vegetable Love - Pizza (M)","PRD-01010 TOMATO",30,g,,,,310,6838
g_instead_of_kg,"Vegetable Love - Pizza (M)","PRD-01036 Yeast(500g)",4,g,,,,310,6835
g_instead_of_kg,"Wasabi Chicken (6Pcs)","PRD-00748 BLACK PEPPER",4,g,,,,180,5825
g_instead_of_kg,"Wasabi Chicken (6Pcs)","PRD-00799 Corn Floor",5,g,,,,180,5822
g_instead_of_kg,"Wasabi Chicken (6Pcs)","PRD-00875 Knorr chicken powder (1kg)",5,g,,,,180,5824
g_instead_of_kg,"Wasabi Chicken (6Pcs)","PRD-00838 Leason",5,g,,,,180,5826
g_instead_of_kg,"Wasabi Chicken (6Pcs)","PRD-00962 SALT 800G",3,g,,,,180,5823
g_instead_of_kg,"Wasabi Chicken (6Pcs)","PRD-01000 Tempura Flour(1kg)",20,g,,,,180,5827
g_instead_of_kg,"Zeera Raita","PRD-00962 SALT 800G",1,g,,,,280,4905
g_instead_of_kg,"Zeera Raita","PRD-00961 Safaid zeerah",2,g,,,,280,4906
g_instead_of_kg,"Zeera Raita","PRD-01041 Yogurt",150,g,,,,280,4904
ml_instead_of_ltr,"Three Milk Cake","PRD-00948 Prema milk",600,ml,,,,353,7471
ml_instead_of_ltr,"Chocolate Cake","PRD-00948 Prema milk",300,ml,,,,355,7491
ml_instead_of_ltr,"Black Paper Steak (Chicken)","PRD-00989 COOKING OIL(16 liter)",250,ml,,,,217,7318
ml_instead_of_ltr,"Mutton Kunna (Full)","PRD-00989 COOKING OIL(16 liter)",250,ml,,,,336,7292
ml_instead_of_ltr,"Beef Chilli Dry (Single)","PRD-00989 COOKING OIL(16 liter)",200,ml,,,,126,3168
ml_instead_of_ltr,"Beef Kebab (4Pcs)","PRD-00989 COOKING OIL(16 liter)",200,ml,,,,151,7307
ml_instead_of_ltr,"Bar B Q Signature Platter (5–7 Persons)","PRD-00989 COOKING OIL(16 liter)",200,ml,,,,324,7015
ml_instead_of_ltr,"Cafe Latte (Large)","PRD-00948 Prema milk",200,ml,,,,346,7439
ml_instead_of_ltr,"Cappuccino (Large)","PRD-00948 Prema milk",200,ml,,,,347,7441
ml_instead_of_ltr,"Mint Margarita","PRD-00717 1.5 LITTER 7up",200,ml,,,,348,7443
ml_instead_of_ltr,"Fruit Chiller (Mango, Strawberry) (Large)","PRD-00717 1.5 LITTER 7up",200,ml,,,,349,7448
ml_instead_of_ltr,"Chocolate Cake","PRD-00989 COOKING OIL(16 liter)",200,ml,,,,355,7487
ml_instead_of_ltr,"Mutton Sulemani Karahi (Full)","PRD-00989 COOKING OIL(16 liter)",160,ml,,,,256,4624
ml_instead_of_ltr,"Mutton Karahi (Full)","PRD-00989 COOKING OIL(16 liter)",160,ml,,,,259,4657
ml_instead_of_ltr,"Chicken Sulemani (Full)","PRD-00989 COOKING OIL(16 liter)",160,ml,,,,265,4733
ml_instead_of_ltr,"Chicken Karahi (Full)","PRD-00989 COOKING OIL(16 liter)",160,ml,,,,268,7155
ml_instead_of_ltr,"Ice Cream Shake  Vanilla (Regular)","PRD-00948 Prema milk",140,ml,,,,337,7398
ml_instead_of_ltr,"Ice Cream Shake  Chocolate (Regular)","PRD-00948 Prema milk",140,ml,,,,338,7410
ml_instead_of_ltr,"Ice Cream Shake  Kulfa (Regular)","PRD-00948 Prema milk",140,ml,,,,339,7413
ml_instead_of_ltr,"Ice Cream Shake  Strawberry (Regular)","PRD-00948 Prema milk",140,ml,,,,340,7407
ml_instead_of_ltr,"Ice Cream Shake  Mango (Regular)","PRD-00948 Prema milk",140,ml,,,,341,7416
ml_instead_of_ltr,"Ice Cream Shake  Pista (Regular)","PRD-00948 Prema milk",140,ml,,,,342,7421
ml_instead_of_ltr,"Cold Coffee Chocolate","PRD-00948 Prema milk",140,ml,,,,343,7424
ml_instead_of_ltr,"Cold Coffee Caramel","PRD-00948 Prema milk",140,ml,,,,344,7428
ml_instead_of_ltr,"Mutton Kunna (Half)","PRD-00989 COOKING OIL(16 liter)",130,ml,,,,335,7282
ml_instead_of_ltr,"Fruit Trifle","PRD-00948 Prema milk",125,ml,,,,352,7461
ml_instead_of_ltr,"Chicken Lasagna","PRD-00989 COOKING OIL(16 liter)",120,ml,,,,246,6395
ml_instead_of_ltr,"Mutton Shanwari Karahi (Full)","PRD-00989 COOKING OIL(16 liter)",120,ml,,,,255,4613
ml_instead_of_ltr,"Mutton Shank Karahi (Full)","PRD-00989 COOKING OIL(16 liter)",120,ml,,,,257,4630
ml_instead_of_ltr,"Mutton Black Pepper (Full)","PRD-00989 COOKING OIL(16 liter)",120,ml,,,,260,7515
ml_instead_of_ltr,"Chicken Badami Karahi (Full)","PRD-00989 COOKING OIL(16 liter)",120,ml,,,,262,4696
ml_instead_of_ltr,"Chicken Shinwari (Full)","PRD-00989 COOKING OIL(16 liter)",120,ml,,,,263,7131
ml_instead_of_ltr,"Chicken Mughlai (Full)","PRD-00989 COOKING OIL(16 liter)",120,ml,,,,264,4727
ml_instead_of_ltr,"Desi Murgh Karahi (Per Kg)","PRD-00989 COOKING OIL(16 liter)",120,ml,,,,266,4738
ml_instead_of_ltr,"Chicken White Karahi (Full)","PRD-00989 COOKING OIL(16 liter)",120,ml,,,,267,4755
ml_instead_of_ltr,"Chicken Black Pepper Karahi (Full)","PRD-00989 COOKING OIL(16 liter)",120,ml,,,,269,4783
ml_instead_of_ltr,"Chicken N Chips (2Pcs)","PRD-00989 COOKING OIL(16 liter)",100,ml,,,,84,5223
ml_instead_of_ltr,"Fried Chicken (6Pcs)","PRD-00989 COOKING OIL(16 liter)",100,ml,,,,85,5250
ml_instead_of_ltr,"Crispy Wings (6Pcs)","PRD-00989 COOKING OIL(16 liter)",100,ml,,,,86,5242
ml_instead_of_ltr,"Boneless Chicken Strips (6Pcs)","PRD-00989 COOKING OIL(16 liter)",100,ml,,,,87,5202
ml_instead_of_ltr,"Crispy Dou Box (6Pcs)","PRD-00989 COOKING OIL(16 liter)",100,ml,,,,88,5211
ml_instead_of_ltr,"Prawn Tempura","PRD-00989 COOKING OIL(16 liter)",100,ml,,,,110,7351
ml_instead_of_ltr,"Fried Prawn (6Pcs)","PRD-00989 COOKING OIL(16 liter)",100,ml,,,,111,7359
ml_instead_of_ltr,"Drum Sticks (6Pcs)","PRD-00989 COOKING OIL(16 liter)",100,ml,,,,114,3045
ml_instead_of_ltr,"Perry Perry Bites (6Pcs)","PRD-00989 COOKING OIL(16 liter)",100,ml,,,,117,5507
ml_instead_of_ltr,"Chicken Strips (6Pcs)","PRD-00989 COOKING OIL(16 liter)",100,ml,,,,118,3083
ml_instead_of_ltr,"Fried Wings (6Pcs)","PRD-00989 COOKING OIL(16 liter)",100,ml,,,,311,5234
ml_instead_of_ltr,"Cold Coffee Hazelnuts","PRD-00948 Prema milk",90,ml,,,,345,7433
ml_instead_of_ltr,"Chicken Handi","PRD-00989 COOKING OIL(16 liter)",80,ml,,,,95,2858
ml_instead_of_ltr,"Chicken Jalfrezi","PRD-00989 COOKING OIL(16 liter)",80,ml,,,,97,2895
ml_instead_of_ltr,"Chicken Karahi (Half)","PRD-00989 COOKING OIL(16 liter)",80,ml,,,,132,5560
ml_instead_of_ltr,"Chicken Sulemani (Half)","PRD-00989 COOKING OIL(16 liter)",80,ml,,,,138,3339
ml_instead_of_ltr,"Mutton Karahi (Half)","PRD-00989 COOKING OIL(16 liter)",80,ml,,,,155,3501
ml_instead_of_ltr,"Mutton Sulemani Karahi (Half)","PRD-00989 COOKING OIL(16 liter)",80,ml,,,,158,3543
ml_instead_of_ltr,"Chicken Szechuan (Family)","PRD-00989 COOKING OIL(16 liter)",75,ml,,,,174,3709
ml_instead_of_ltr,"Chicken Kebab Masalah","PRD-00989 COOKING OIL(16 liter)",70,ml,,,,75,6871
ml_instead_of_ltr,"Chicken Ginger","PRD-00989 COOKING OIL(16 liter)",70,ml,,,,96,2880
ml_instead_of_ltr,"Finger Fish (10Pcs)","PRD-00989 COOKING OIL(16 liter)",70,ml,,,,112,7332
ml_instead_of_ltr,"Fried Fish (2Pcs)","PRD-00989 COOKING OIL(16 liter)",70,ml,,,,113,7344
ml_instead_of_ltr,"Chicken Malai Handi","PRD-00989 COOKING OIL(16 liter)",60,ml,,,,89,5351
ml_instead_of_ltr,"Chicken Madrasi Handi","PRD-00989 COOKING OIL(16 liter)",60,ml,,,,90,2787
ml_instead_of_ltr,"Mutton Brain Masalah","PRD-00989 COOKING OIL(16 liter)",60,ml,,,,93,5318
ml_instead_of_ltr,"Chicken Achari Handi","PRD-00989 COOKING OIL(16 liter)",60,ml,,,,94,2843
ml_instead_of_ltr,"Chicken Black Pepper Karahi (Half)","PRD-00989 COOKING OIL(16 liter)",60,ml,,,,133,3272
ml_instead_of_ltr,"Chicken White Karahi (Half)","PRD-00989 COOKING OIL(16 liter)",60,ml,,,,134,3289
ml_instead_of_ltr,"Chicken Badami Karahi (Half)","PRD-00989 COOKING OIL(16 liter)",60,ml,,,,135,5579
ml_instead_of_ltr,"Chicken Mughlai (Half)","PRD-00989 COOKING OIL(16 liter)",60,ml,,,,136,3325
ml_instead_of_ltr,"Chicken Shinwari (Half)","PRD-00989 COOKING OIL(16 liter)",60,ml,,,,137,3328
ml_instead_of_ltr,"Mutton White Karahi (Half)","PRD-00989 COOKING OIL(16 liter)",60,ml,,,,156,3518
ml_instead_of_ltr,"Mutton Black Pepper (Half)","PRD-00989 COOKING OIL(16 liter)",60,ml,,,,157,7496
ml_instead_of_ltr,"Mutton Shanwari Karahi (Half)","PRD-00989 COOKING OIL(16 liter)",60,ml,,,,159,3546
ml_instead_of_ltr,"French Fries","PRD-00989 COOKING OIL(16 liter)",60,ml,,,,205,4062
ml_instead_of_ltr,"Mayo Garlic Fries","PRD-00989 COOKING OIL(16 liter)",60,ml,,,,206,4064
ml_instead_of_ltr,"Chicken Loaded Fries","PRD-00989 COOKING OIL(16 liter)",60,ml,,,,207,6053
ml_instead_of_ltr,"Mutton Qeema (Half)","PRD-00989 COOKING OIL(16 liter)",60,ml,,,,258,4645
ml_instead_of_ltr,"Signature Fast Food (3–4 Persons)","PRD-00989 COOKING OIL(16 liter)",60,ml,,,,321,7053
ml_instead_of_ltr,"Chicken Smoked Handi","PRD-00989 COOKING OIL(16 liter)",50,ml,,,,91,2800
ml_instead_of_ltr,"Crispy Loaded Fries","PRD-00989 COOKING OIL(16 liter)",50,ml,,,,208,6068
ml_instead_of_ltr,"Bar BQ Spicy Fries","PRD-00989 COOKING OIL(16 liter)",50,ml,,,,209,4093
ml_instead_of_ltr,"Afghani Pulao","PRD-00989 COOKING OIL(16 liter)",50,ml,,,,220,4198
ml_instead_of_ltr,"Special Fried Rice","PRD-00989 COOKING OIL(16 liter)",50,ml,,,,221,6196
ml_instead_of_ltr,"Egg Fried Rice","PRD-00989 COOKING OIL(16 liter)",50,ml,,,,222,4222
ml_instead_of_ltr,"Mutton Biryani","PRD-00989 COOKING OIL(16 liter)",50,ml,,,,223,7394
ml_instead_of_ltr,"Vegetable Fried Rice","PRD-00989 COOKING OIL(16 liter)",50,ml,,,,224,4245
ml_instead_of_ltr,"Garlic Rice","PRD-00989 COOKING OIL(16 liter)",50,ml,,,,225,4254
ml_instead_of_ltr,"Chicken Biryani","PRD-00989 COOKING OIL(16 liter)",50,ml,,,,226,6176
ml_instead_of_ltr,"Chicken Masalah Rice","PRD-00989 COOKING OIL(16 liter)",50,ml,,,,227,4277
ml_instead_of_ltr,"Chicken Masalah Rice","PRD-00989 COOKING OIL(16 liter)",50,ml,,,,228,4288
ml_instead_of_ltr,"Chicken Chowmein","PRD-00989 COOKING OIL(16 liter)",50,ml,,,,231,4332
ml_instead_of_ltr,"Vegetable Chowmein","PRD-00989 COOKING OIL(16 liter)",50,ml,,,,232,6168
ml_instead_of_ltr,"Mix Vegetable","PRD-00989 COOKING OIL(16 liter)",40,ml,,,,77,2650
ml_instead_of_ltr,"Chef Special Chowmein","PRD-00989 COOKING OIL(16 liter)",40,ml,,,,229,6136
ml_instead_of_ltr,"Dragon Noodle","PRD-00989 COOKING OIL(16 liter)",40,ml,,,,230,6157
ml_instead_of_ltr,"Mutton Mandi With Rice (Full)","PRD-00989 COOKING OIL(16 liter)",40,ml,,,,331,7200
ml_instead_of_ltr,"Chicken Mandi With Rice (Full)","PRD-00989 COOKING OIL(16 liter)",40,ml,,,,332,7222
ml_instead_of_ltr,"Brownies (Special Nutella)","PRD-00989 COOKING OIL(16 liter)",33,ml,,,,354,7477
ml_instead_of_ltr,"Daal Mash","PRD-00989 COOKING OIL(16 liter)",30,ml,,,,76,6861
ml_instead_of_ltr,"Chicken Achari Boti (8Pcs)","PRD-00989 COOKING OIL(16 liter)",30,ml,,,,160,3561
ml_instead_of_ltr,"Nadar Shahi Boti (8Pcs)","PRD-00989 COOKING OIL(16 liter)",30,ml,,,,161,3577
ml_instead_of_ltr,"Afghani Boti (8Pcs)","PRD-00989 COOKING OIL(16 liter)",30,ml,,,,164,3611
ml_instead_of_ltr,"Sikandri  Tikka (8Pcs)","PRD-00989 COOKING OIL(16 liter)",30,ml,,,,165,3623
ml_instead_of_ltr,"Chicken Malai Boti (8Pcs)","PRD-00989 COOKING OIL(16 liter)",30,ml,,,,171,3680
ml_instead_of_ltr,"Chicken Tikka Boti (8Pcs)","PRD-00989 COOKING OIL(16 liter)",30,ml,,,,172,3692
ml_instead_of_ltr,"Chicken Kastoori Boti (8Pcs)","PRD-00989 COOKING OIL(16 liter)",30,ml,,,,173,3705
ml_instead_of_ltr,"90b Soup (Family)","PRD-00811 dark soya sauce",30,ml,,,,181,5790
ml_instead_of_ltr,"Italian Salad","PRD-00732 B.B.Q sauce",30,ml,,,,288,6638
ml_instead_of_ltr,"Cold Coffee Caramel","PRD-00770 Caramel syrup(1kg)",30,ml,,,,344,7430
ml_instead_of_ltr,"Cold Coffee Hazelnuts","PRD-00787 Chocolate syrup(1kg)",30,ml,,,,345,7435
ml_instead_of_ltr,"Chicken Chilli Dry (Single)","PRD-00989 COOKING OIL(16 liter)",25,ml,,,,131,3228
ml_instead_of_ltr,"Beef Pepperoni - Pizza (F)","PRD-00989 COOKING OIL(16 liter)",25,ml,,,,139,3344
ml_instead_of_ltr,"Crown Crust - Pizza (F)","PRD-00989 COOKING OIL(16 liter)",25,ml,,,,140,3351
ml_instead_of_ltr,"Chicken Behari Kebab Pizza (F)","PRD-00989 COOKING OIL(16 liter)",25,ml,,,,141,3361
ml_instead_of_ltr,"Cheese Crust - Pizza (F)","PRD-00989 COOKING OIL(16 liter)",25,ml,,,,142,3371
ml_instead_of_ltr,"Kebab Crust - Pizza (F)","PRD-00989 COOKING OIL(16 liter)",25,ml,,,,143,5602
ml_instead_of_ltr,"Donner Pizza - Pizza (F)","PRD-00989 COOKING OIL(16 liter)",25,ml,,,,145,3392
ml_instead_of_ltr,"Chicken Cashew Nut (Family)","PRD-00989 COOKING OIL(16 liter)",25,ml,,,,175,3718
ml_instead_of_ltr,"Chicken Chilli Dry (Family)","PRD-00989 COOKING OIL(16 liter)",25,ml,,,,176,3742
ml_instead_of_ltr,"Chicken Manchurian (Family)","PRD-00989 COOKING OIL(16 liter)",25,ml,,,,177,3746
ml_instead_of_ltr,"Chicken Shashlik (Family)","PRD-00989 COOKING OIL(16 liter)",25,ml,,,,178,3758
ml_instead_of_ltr,"Tarragon Chicken (Family)","PRD-00989 COOKING OIL(16 liter)",25,ml,,,,179,3771
ml_instead_of_ltr,"Chicken Tikka - Pizza (F)","PRD-00989 COOKING OIL(16 liter)",25,ml,,,,270,6569
ml_instead_of_ltr,"Super Supreme - Pizza (F)","PRD-00989 COOKING OIL(16 liter)",25,ml,,,,271,6608
ml_instead_of_ltr,"Chicken Fajita - Pizza (F)","PRD-00989 COOKING OIL(16 liter)",25,ml,,,,272,6588
ml_instead_of_ltr,"Cheese Love - Pizza (F)","PRD-00989 COOKING OIL(16 liter)",25,ml,,,,273,6623
ml_instead_of_ltr,"Vegetable Love - Pizza (F)","PRD-00989 COOKING OIL(16 liter)",25,ml,,,,274,6510
ml_instead_of_ltr,"Bone Fire - Pizza (F)","PRD-00989 COOKING OIL(16 liter)",25,ml,,,,275,6540
ml_instead_of_ltr,"Afghani Boti - Pizza (F)","PRD-00989 COOKING OIL(16 liter)",25,ml,,,,276,6556
ml_instead_of_ltr,"Moroccan Chicken (Family)","PRD-00989 COOKING OIL(16 liter)",25,ml,,,,312,5676
ml_instead_of_ltr,"Sweet & Sour Chicken (Family)","PRD-00989 COOKING OIL(16 liter)",25,ml,,,,313,5688
ml_instead_of_ltr,"Sesame Fried Chicken (Family)","PRD-00989 COOKING OIL(16 liter)",25,ml,,,,314,5703
ml_instead_of_ltr,"Garlic Chicken (Family)","PRD-00989 COOKING OIL(16 liter)",25,ml,,,,315,5715
ml_instead_of_ltr,"Sweet & Sour Fish (Family)","PRD-00989 COOKING OIL(16 liter)",25,ml,,,,316,5726
ml_instead_of_ltr,"Beef Mongolian (Family)","PRD-00989 COOKING OIL(16 liter)",25,ml,,,,318,5752
ml_instead_of_ltr,"Beef Chilli Dry (Family)","PRD-00989 COOKING OIL(16 liter)",25,ml,,,,319,5765
ml_instead_of_ltr,"Malai Boti - Pizza (F)","PRD-00989 COOKING OIL(16 liter)",25,ml,,,,320,6526
ml_instead_of_ltr,"Smokey Grill Wrap","PRD-00732 B.B.Q sauce",20,ml,,,,80,5317
ml_instead_of_ltr,"Cheese Donor Wrap","PRD-00989 COOKING OIL(16 liter)",20,ml,,,,83,5282
ml_instead_of_ltr,"Chicken Makhni Handi","PRD-00989 COOKING OIL(16 liter)",20,ml,,,,92,5335
ml_instead_of_ltr,"Spicy Sesame Chicken","PRD-01022 VINEGAR",20,ml,,,,99,5405
ml_instead_of_ltr,"Prawn Nigri","PRD-01022 VINEGAR",20,ml,,,,102,5373
ml_instead_of_ltr,"Perry Perry Bites (6Pcs)","PRD-00936 Peri Peri sauce",20,ml,,,,117,5510
ml_instead_of_ltr,"Beef Mongolian (Single)","PRD-00989 COOKING OIL(16 liter)",20,ml,,,,123,3138
ml_instead_of_ltr,"Chicken Cashew Nut (Single)","PRD-00989 COOKING OIL(16 liter)",20,ml,,,,129,3201
ml_instead_of_ltr,"Thin Crust - Pizza (F)","PRD-00989 COOKING OIL(16 liter)",20,ml,,,,144,5591
ml_instead_of_ltr,"Fish Tikka (8Pcs)","PRD-00989 COOKING OIL(16 liter)",20,ml,,,,168,5668
ml_instead_of_ltr,"Mutton Namkeen Tikka (8Pcs)","PRD-00989 COOKING OIL(16 liter)",20,ml,,,,169,3662
ml_instead_of_ltr,"Chicken Chilli Dry (Family)","PRD-01022 VINEGAR",20,ml,,,,176,3739
ml_instead_of_ltr,"Chicken Manchurian (Family)","PRD-01022 VINEGAR",20,ml,,,,177,3749
ml_instead_of_ltr,"90b Soup (Family)","PRD-00989 COOKING OIL(16 liter)",20,ml,,,,181,5783
ml_instead_of_ltr,"Chef Special Soup (Family)","PRD-00989 COOKING OIL(16 liter)",20,ml,,,,183,5841
ml_instead_of_ltr,"Hot n Sour Soup (Family)","PRD-01022 VINEGAR",20,ml,,,,185,5818
ml_instead_of_ltr,"Chef Special Chowmein","PRD-00811 dark soya sauce",20,ml,,,,229,6145
ml_instead_of_ltr,"Vegetable Chowmein","PRD-00811 dark soya sauce",20,ml,,,,232,6169
ml_instead_of_ltr,"Beef Pepperoni - Pizza (L)","PRD-00989 COOKING OIL(16 liter)",20,ml,,,,233,6203
ml_instead_of_ltr,"Crown Crust - Pizza (L)","PRD-00989 COOKING OIL(16 liter)",20,ml,,,,234,6213
ml_instead_of_ltr,"Chicken Behari Kebab Pizza (L)","PRD-00989 COOKING OIL(16 liter)",20,ml,,,,235,6229
ml_instead_of_ltr,"Cheese Crust - Pizza (L)","PRD-00989 COOKING OIL(16 liter)",20,ml,,,,236,6241
ml_instead_of_ltr,"Vegetable Love - Pizza (L)","PRD-00989 COOKING OIL(16 liter)",20,ml,,,,247,6411
ml_instead_of_ltr,"Bone Fire - Pizza (L)","PRD-00989 COOKING OIL(16 liter)",20,ml,,,,248,6425
ml_instead_of_ltr,"Malai Boti - Pizza (L)","PRD-00989 COOKING OIL(16 liter)",20,ml,,,,249,6440
ml_instead_of_ltr,"Afghani Boti - Pizza (L)","PRD-00989 COOKING OIL(16 liter)",20,ml,,,,250,6452
ml_instead_of_ltr,"Super Supreme - Pizza (L)","PRD-00989 COOKING OIL(16 liter)",20,ml,,,,251,6487
ml_instead_of_ltr,"Chicken Fajita - Pizza (L)","PRD-00989 COOKING OIL(16 liter)",20,ml,,,,252,4582
ml_instead_of_ltr,"Chicken Tikka - Pizza (L)","PRD-00989 COOKING OIL(16 liter)",20,ml,,,,253,6468
ml_instead_of_ltr,"Cheese Love - Pizza (L)","PRD-00989 COOKING OIL(16 liter)",20,ml,,,,254,6501
ml_instead_of_ltr,"Fish ""D"" Lavoo","PRD-00989 COOKING OIL(16 liter)",20,ml,,,,295,6724
ml_instead_of_ltr,"Sweet & Sour Fish (Family)","PRD-01022 VINEGAR",20,ml,,,,316,5730
ml_instead_of_ltr,"Beef Chilli Dry (Family)","PRD-01022 VINEGAR",20,ml,,,,319,5775
ml_instead_of_ltr,"Smart Individual","PRD-00989 COOKING OIL(16 liter)",20,ml,,,,322,6977
ml_instead_of_ltr,"Bar B Q Family Platter (3–4 Persons)","PRD-00989 COOKING OIL(16 liter)",20,ml,,,,323,7009
ml_instead_of_ltr,"Kebab Crust - Pizza (L)","PRD-00989 COOKING OIL(16 liter)",20,ml,,,,325,7067
ml_instead_of_ltr,"Thin Crust - Pizza (L)","PRD-00989 COOKING OIL(16 liter)",20,ml,,,,326,7087
ml_instead_of_ltr,"Donner Pizza - Pizza (L)","PRD-00989 COOKING OIL(16 liter)",20,ml,,,,327,7095
ml_instead_of_ltr,"Italian Chicken Cheese","PRD-00989 COOKING OIL(16 liter)",20,ml,,,,329,7146
ml_instead_of_ltr,"Mutton Ribs With Rice (Full)","PRD-00989 COOKING OIL(16 liter)",20,ml,,,,330,7178
ml_instead_of_ltr,"Mutton Mandi With Rice (Half)","PRD-00989 COOKING OIL(16 liter)",20,ml,,,,333,7242
ml_instead_of_ltr,"Chicken Mandi With Rice (Half)","PRD-00989 COOKING OIL(16 liter)",20,ml,,,,334,7264
ml_instead_of_ltr,"Avocado & Cucumber","PRD-00975 SOYA SAUCE",15,ml,,,,104,5394
ml_instead_of_ltr,"Chicken Chilli Dry (Single)","PRD-01022 VINEGAR",15,ml,,,,131,3234
ml_instead_of_ltr,"Hot n Sour Soup (Family)","PRD-00783 CHILLI SAUCE",15,ml,,,,185,5819
ml_instead_of_ltr,"Hot n Sour Soup (Family)","PRD-00811 dark soya sauce",15,ml,,,,185,5820
ml_instead_of_ltr,"Hawaiian Steak (Chicken)","PRD-00989 COOKING OIL(16 liter)",15,ml,,,,210,6098
ml_instead_of_ltr,"Hawaiian Steak (Beaf)","PRD-00989 COOKING OIL(16 liter)",15,ml,,,,211,6079
ml_instead_of_ltr,"Cheese Crust - Pizza (M)","PRD-00989 COOKING OIL(16 liter)",15,ml,,,,238,6302
ml_instead_of_ltr,"Crown Crust - Pizza (M)","PRD-00989 COOKING OIL(16 liter)",15,ml,,,,239,6311
ml_instead_of_ltr,"Kebab Crust - Pizza (M)","PRD-00989 COOKING OIL(16 liter)",15,ml,,,,240,6326
ml_instead_of_ltr,"Spicy Grilled Chicken","PRD-00783 CHILLI SAUCE",15,ml,,,,245,6387
ml_instead_of_ltr,"Bone Fire - Pizza (M)","PRD-00989 COOKING OIL(16 liter)",15,ml,,,,303,6750
ml_instead_of_ltr,"Afghani Boti - Pizza (M)","PRD-00989 COOKING OIL(16 liter)",15,ml,,,,304,6766
ml_instead_of_ltr,"Beef Pepperoni - Pizza (M)","PRD-00989 COOKING OIL(16 liter)",15,ml,,,,305,6795
ml_instead_of_ltr,"Malai Boti - Pizza (M)","PRD-00989 COOKING OIL(16 liter)",15,ml,,,,306,6781
ml_instead_of_ltr,"Chicken Fajita - Pizza (M)","PRD-00989 COOKING OIL(16 liter)",15,ml,,,,307,6804
ml_instead_of_ltr,"Cheese Love - Pizza (M)","PRD-00989 COOKING OIL(16 liter)",15,ml,,,,308,5161
ml_instead_of_ltr,"Super Supreme - Pizza (M)","PRD-00989 COOKING OIL(16 liter)",15,ml,,,,309,6822
ml_instead_of_ltr,"Vegetable Love - Pizza (M)","PRD-00989 COOKING OIL(16 liter)",15,ml,,,,310,6834
ml_instead_of_ltr,"Sweet & Sour Chicken (Family)","PRD-01022 VINEGAR",15,ml,,,,313,5699
ml_instead_of_ltr,"Beef Mongolian (Family)","PRD-00883 LEMON JUICE",15,ml,,,,318,5755
ml_instead_of_ltr,"Beef Chilli Dry (Family)","PRD-00811 dark soya sauce",15,ml,,,,319,5769
ml_instead_of_ltr,"Chicken Tikka - Pizza (M)","PRD-00989 COOKING OIL(16 liter)",15,ml,,,,328,7117
ml_instead_of_ltr,"Moroccan Chicken (Single)","PRD-00989 COOKING OIL(16 liter)",12,ml,,,,119,5520
ml_instead_of_ltr,"Sweet & Sour Fish (Single)","PRD-00989 COOKING OIL(16 liter)",12,ml,,,,120,3099
ml_instead_of_ltr,"Sweet & Sour Chicken (Single)","PRD-00989 COOKING OIL(16 liter)",12,ml,,,,121,5534
ml_instead_of_ltr,"Garlic Fish (Single)","PRD-00989 COOKING OIL(16 liter)",12,ml,,,,122,3128
ml_instead_of_ltr,"Sesame Fried Chicken (Single)","PRD-00989 COOKING OIL(16 liter)",12,ml,,,,124,5549
ml_instead_of_ltr,"Garlic Chicken (Single)","PRD-00989 COOKING OIL(16 liter)",12,ml,,,,125,3160
ml_instead_of_ltr,"Chicken Manchurian (Single)","PRD-00989 COOKING OIL(16 liter)",12,ml,,,,127,3177
ml_instead_of_ltr,"Chicken Shashlik (Single)","PRD-00989 COOKING OIL(16 liter)",12,ml,,,,128,3189
ml_instead_of_ltr,"Tarragon Chicken (Single)","PRD-00989 COOKING OIL(16 liter)",12,ml,,,,130,3216
ml_instead_of_ltr,"Chicken Behari Kebab Pizza (M)","PRD-00989 COOKING OIL(16 liter)",12,ml,,,,237,6279
ml_instead_of_ltr,"Donner Pizza - Pizza (M)","PRD-00989 COOKING OIL(16 liter)",12,ml,,,,241,6342
ml_instead_of_ltr,"Thin Crust - Pizza (M)","PRD-00989 COOKING OIL(16 liter)",12,ml,,,,243,6359
ml_instead_of_ltr,"Smoked  Salmon & Creamy","PRD-00975 SOYA SAUCE",10,ml,,,,101,5369
ml_instead_of_ltr,"Chicken Tikka Boti (8Pcs)","PRD-01022 VINEGAR",10,ml,,,,172,3684
ml_instead_of_ltr,"Chef Special Soup (Family)","PRD-01022 VINEGAR",10,ml,,,,183,5846
ml_instead_of_ltr,"Szechuan Soup (Family)","PRD-00989 COOKING OIL(16 liter)",10,ml,,,,184,5799
ml_instead_of_ltr,"Dragon Noodle","PRD-00811 dark soya sauce",10,ml,,,,230,6159
ml_instead_of_ltr,"Chicken Behari Kebab Pizza (M)","PRD-01022 VINEGAR",10,ml,,,,237,6280
ml_instead_of_ltr,"Caesar Salad","PRD-01022 VINEGAR",10,ml,,,,285,6649
ml_instead_of_ltr,"Fish Tarragon","PRD-00989 COOKING OIL(16 liter)",10,ml,,,,293,5002
ml_instead_of_ltr,"Smoked Fish","PRD-00989 COOKING OIL(16 liter)",10,ml,,,,294,5019
ml_instead_of_ltr,"Sweet & Sour Chicken (Family)","PRD-00883 LEMON JUICE",10,ml,,,,313,5695
ml_instead_of_ltr,"Sesame Fried Chicken (Family)","PRD-00883 LEMON JUICE",10,ml,,,,314,5708
ml_instead_of_ltr,"Bar B Q Family Platter (3–4 Persons)","PRD-00883 LEMON JUICE",10,ml,,,,323,6998
ml_instead_of_ltr,"Bar B Q Signature Platter (5–7 Persons)","PRD-00883 LEMON JUICE",10,ml,,,,324,7022
ml_instead_of_ltr,"Sweet & Sour Fish (Single)","PRD-01022 VINEGAR",8,ml,,,,120,3103
ml_instead_of_ltr,"Sweet & Sour Chicken (Single)","PRD-01022 VINEGAR",8,ml,,,,121,5544
ml_instead_of_ltr,"Chef Special Soup (Single)","PRD-00989 COOKING OIL(16 liter)",8,ml,,,,189,3883
ml_instead_of_ltr,"Szechuan Soup (Single)","PRD-00989 COOKING OIL(16 liter)",8,ml,,,,191,5870
ml_instead_of_ltr,"Hot n Sour Soup (Single)","PRD-01022 VINEGAR",8,ml,,,,192,5883
ml_instead_of_ltr,"Chicken Green Chilli Lime Handi","PRD-00989 COOKING OIL(16 liter)",7,ml,,,,74,6849
ml_instead_of_ltr,"Chicken Mandi With Rice (Full)","PRD-00883 LEMON JUICE",6,ml,,,,332,7219
ml_instead_of_ltr,"Cheese Naan","PRD-00989 COOKING OIL(16 liter)",5,ml,,,,67,6907
ml_instead_of_ltr,"Tandoori Pratha","PRD-00989 COOKING OIL(16 liter)",5,ml,,,,68,6912
ml_instead_of_ltr,"Garlic Naan","PRD-00989 COOKING OIL(16 liter)",5,ml,,,,69,6920
ml_instead_of_ltr,"Kalwanji Naan","PRD-00989 COOKING OIL(16 liter)",5,ml,,,,70,6927
ml_instead_of_ltr,"Roghni Naan","PRD-00989 COOKING OIL(16 liter)",5,ml,,,,71,6900
ml_instead_of_ltr,"Chicken N Chips (2Pcs)","PRD-01022 VINEGAR",5,ml,,,,84,5224
ml_instead_of_ltr,"Chicken Teriyaki Roll","PRD-00989 COOKING OIL(16 liter)",5,ml,,,,98,2914
ml_instead_of_ltr,"Chicken Manchurian (Single)","PRD-01022 VINEGAR",5,ml,,,,127,3180
ml_instead_of_ltr,"Tarragon Chicken (Family)","PRD-01022 VINEGAR",5,ml,,,,179,3773
ml_instead_of_ltr,"90b Soup (Single)","PRD-00811 dark soya sauce",5,ml,,,,190,5861
ml_instead_of_ltr,"90b Soup (Single)","PRD-00989 COOKING OIL(16 liter)",5,ml,,,,190,7296
ml_instead_of_ltr,"Hot n Sour Soup (Single)","PRD-00811 dark soya sauce",5,ml,,,,192,5888
ml_instead_of_ltr,"Beef Bliss Burger","PRD-00732 B.B.Q sauce",5,ml,,,,197,5958
ml_instead_of_ltr,"Chicken Fajita - Pizza (L)","PRD-01022 VINEGAR",5,ml,,,,252,4581
ml_instead_of_ltr,"Chicken Tikka - Pizza (L)","PRD-01022 VINEGAR",5,ml,,,,253,6467
ml_instead_of_ltr,"Fried Wings (6Pcs)","PRD-01022 VINEGAR",5,ml,,,,311,5236
ml_instead_of_ltr,"Fried Wings (6Pcs)","PRD-00975 SOYA SAUCE",5,ml,,,,311,5237
ml_instead_of_ltr,"Tuna Mayo Roll","PRD-00975 SOYA SAUCE",3,ml,,,,100,5415
ml_instead_of_ltr,"Prawn Dynamite","PRD-01022 VINEGAR",3,ml,,,,103,5386
ml_instead_of_ltr,"Chef Special Soup (Single)","PRD-01022 VINEGAR",3,ml,,,,189,3888
ml_instead_of_ltr,"Grilled Chicken Sandwich","PRD-01022 VINEGAR",3,ml,,,,202,6048
ml_instead_of_ltr,"Hawaiian Steak (Chicken)","PRD-01022 VINEGAR",3,ml,,,,210,6100
ml_instead_of_ltr,"Hawaiian Steak (Beaf)","PRD-01022 VINEGAR",3,ml,,,,211,6081
ml_instead_of_ltr,"Kebab Crust - Pizza (L)","PRD-01022 VINEGAR",3,ml,,,,325,7073
ml_instead_of_ltr,"Chicken Mandi With Rice (Half)","PRD-00883 LEMON JUICE",3,ml,,,,334,7261
ml_instead_of_ltr,"Arabic Grill Wrap","PRD-00989 COOKING OIL(16 liter)",2,ml,,,,78,5294
ml_instead_of_ltr,"Creamy Twister","PRD-01022 VINEGAR",2,ml,,,,82,5269
ml_instead_of_ltr,"Mexican Sandwich","PRD-00883 LEMON JUICE",2,ml,,,,201,6036
ml_instead_of_ltr,"Bar BQ Spicy Fries","PRD-01022 VINEGAR",2,ml,,,,209,4092
ml_instead_of_ltr,"Chicken Behari Kebab Pizza (L)","PRD-01022 VINEGAR",2,ml,,,,235,6233
ml_instead_of_ltr,"Cheese Crust - Pizza (M)","PRD-01022 VINEGAR",2,ml,,,,238,6298
ml_instead_of_ltr,"Super Supreme - Pizza (L)","PRD-01022 VINEGAR",2,ml,,,,251,6489
ml_instead_of_ltr,"Smart Individual","PRD-00811 dark soya sauce",2,ml,,,,322,6981
ml_instead_of_ltr,"Arabic Grill Wrap","PRD-01022 VINEGAR",1,ml,,,,78,5291
ml_instead_of_ltr,"Smart Individual","PRD-01022 VINEGAR",1,ml,,,,322,6982
ml_instead_of_ltr,"Chicken Tikka - Pizza (M)","PRD-01022 VINEGAR",1,ml,,,,328,7128
ml_instead_of_ltr,"Mutton Mandi With Rice (Full)","PRD-00883 LEMON JUICE",1,ml,,,,331,7197
pkt,"Chocolate Cake","PRD-01024 Whip cream",0.5,pkt,,,,355,7489
pkt,"Crisper Chicken Wrap","PRD-01015 Tortila bread",1,pkt,,,,79,5302
pkt,"Crispy Twister","PRD-01015 Tortila bread",1,pkt,,,,81,5258
pkt,"Signature Fast Food (3–4 Persons)","PRD-01032 WINGS",80,pkt,,,,321,7050
pkt,"Smokey Grill Wrap","PRD-01015 Tortila bread",1,pkt,,,,80,5311
loss,"Signature Fast Food (3–4 Persons)",PRD-00707,,,3999,94040.47,90041.47,321,
loss,"Mutton Namkeen Tikka (8Pcs)",PRD-00600,,,1999,2840.79,841.79,169,
loss,"Fruit Trifle",PRD-00703,,,320,685.16,365.16,352,
loss,"Tandoori Pratha",PRD-00689,,,150,245.18,95.18,68,
loss,"Brownies (Special Nutella)",CAF-01123,,,450,532.85,82.85,354,
